"District","Year","Observed","Predicted"
1,1995,175.7,99.8303448275856
1,1996,61.8,100.578916256157
1,1997,39.8,101.327487684729
1,1998,104.4,102.0760591133
1,1999,225.7,102.824630541871
1,2000,25.4,103.573201970443
1,2001,83.5,104.321773399014
1,2002,6.7,105.070344827586
1,2003,229.7,105.818916256157
1,2004,102.3,106.567487684729
1,2005,251.3,107.3160591133
1,2006,25.5,108.064630541872
1,2007,38.7,108.813201970443
1,2008,20,109.561773399015
1,2009,148.5,110.310344827586
1,2010,82.3,111.058916256158
1,2011,21.3,111.807487684729
1,2012,128.7,112.556059113301
1,2013,341.2,113.304630541872
1,2014,96.6,114.053201970444
1,2015,16.6,114.801773399015
1,2016,103.2,115.550344827587
1,2017,126,116.298916256158
1,2018,117,117.04748768473
1,2019,138.9,117.796059113301
1,2020,176.1,118.544630541872
1,2021,82.4,119.293201970444
1,2022,94.4,120.041773399015
1,2023,135.3,120.790344827587
2,1995,479.2,272.377931034481
2,1996,142.9,268.963497536944
2,1997,97.1,265.549064039407
2,1998,253.5,262.13463054187
2,1999,602.2,258.720197044334
2,2000,54.6,255.305763546797
2,2001,243.4,251.89133004926
2,2002,112.5,248.476896551723
2,2003,572.1,245.062463054186
2,2004,266.1,241.648029556649
2,2005,431.7,238.233596059113
2,2006,47,234.819162561575
2,2007,79.4,231.404729064038
2,2008,10.3,227.990295566502
2,2009,241.1,224.575862068965
2,2010,204.4,221.161428571428
2,2011,19.8,217.746995073891
2,2012,61.2,214.332561576354
2,2013,696.5,210.918128078818
2,2014,134.1,207.503694581281
2,2015,29.3,204.089261083744
2,2016,199.6,200.674827586207
2,2017,298.8,197.26039408867
2,2018,243.3,193.845960591133
2,2019,296.5,190.431527093597
2,2020,191.2,187.01709359606
2,2021,178.8,183.602660098522
2,2022,179.4,180.188226600986
2,2023,146.7,176.773793103449
3,1995,116.6,54.9717241379306
3,1996,14.3,54.9254679802951
3,1997,27.1,54.8792118226597
3,1998,134.5,54.8329556650243
3,1999,20.8,54.7866995073888
3,2000,2.7,54.7404433497534
3,2001,23,54.694187192118
3,2002,5.8,54.6479310344825
3,2003,153,54.6016748768471
3,2004,62.3,54.5554187192117
3,2005,71.2,54.5091625615762
3,2006,63.5,54.4629064039408
3,2007,32.2,54.4166502463054
3,2008,0.2,54.3703940886699
3,2009,34.5,54.3241379310345
3,2010,74.2,54.2778817733991
3,2011,7.7,54.2316256157636
3,2012,90.7,54.1853694581282
3,2013,186.2,54.1391133004928
3,2014,33.4,54.0928571428573
3,2015,0.8,54.0466009852219
3,2016,56.8,54.0003448275865
3,2017,64.4,53.954088669951
3,2018,7.4,53.9078325123156
3,2019,64.5,53.8615763546802
3,2020,49.3,53.8153201970447
3,2021,57.2,53.7690640394093
3,2022,71.4,53.7228078817739
3,2023,49.7,53.6765517241384
4,1995,487.2,258.719999999998
4,1996,206.1,255.851822660097
4,1997,52.2,252.983645320196
4,1998,211.1,250.115467980294
4,1999,534.1,247.247290640393
4,2000,50.9,244.379113300492
4,2001,233.3,241.51093596059
4,2002,137,238.642758620689
4,2003,665.3,235.774581280787
4,2004,216.4,232.906403940886
4,2005,258.1,230.038226600985
4,2006,25.3,227.170049261083
4,2007,77,224.301871921182
4,2008,21.7,221.43369458128
4,2009,187.5,218.565517241379
4,2010,326.6,215.697339901478
4,2011,14.9,212.829162561577
4,2012,110.1,209.960985221675
4,2013,628.3,207.092807881774
4,2014,138.7,204.224630541872
4,2015,39.4,201.356453201971
4,2016,145.3,198.48827586207
4,2017,317.6,195.620098522169
4,2018,229.5,192.751921182267
4,2019,314.6,189.883743842365
4,2020,254.2,187.015566502464
4,2021,129.4,184.147389162563
4,2022,212.1,181.279211822662
4,2023,114.5,178.41103448276
5,1995,116.1,58.6599999999995
5,1996,17,58.4823152709355
5,1997,51.5,58.3046305418715
5,1998,105.8,58.1269458128075
5,1999,32.6,57.9492610837435
5,2000,4.5,57.7715763546794
5,2001,38.4,57.5938916256155
5,2002,14.3,57.4162068965514
5,2003,116.8,57.2385221674874
5,2004,86,57.0608374384234
5,2005,119.1,56.8831527093594
5,2006,24.1,56.7054679802955
5,2007,30.8,56.5277832512314
5,2008,6.7,56.3500985221674
5,2009,44.6,56.1724137931034
5,2010,70.1,55.9947290640394
5,2011,5.9,55.8170443349754
5,2012,67.3,55.6393596059114
5,2013,204.3,55.4616748768474
5,2014,29.2,55.2839901477834
5,2015,4.5,55.1063054187194
5,2016,78.3,54.9286206896554
5,2017,60.5,54.7509359605913
5,2018,31.4,54.5732512315274
5,2019,44.7,54.3955665024633
5,2020,77.3,54.2178817733993
5,2021,46.1,54.0401970443353
5,2022,65.5,53.8625123152713
5,2023,35.6,53.6848275862073
6,1995,143.3,53.804137931033
6,1996,14.7,55.6343842364518
6,1997,1.7,57.4646305418705
6,1998,109.7,59.2948768472893
6,1999,112.2,61.1251231527081
6,2000,3.5,62.9553694581268
6,2001,3.8,64.7856157635456
6,2002,20.8,66.6158620689644
6,2003,162.7,68.4461083743831
6,2004,81,70.2763546798019
6,2005,159.3,72.1066009852207
6,2006,31.7,73.9368472906394
6,2007,9,75.7670935960582
6,2008,17,77.597339901477
6,2009,49.5,79.4275862068957
6,2010,92,81.2578325123145
6,2011,0,83.0880788177337
6,2012,104.4,84.9183251231525
6,2013,277.6,86.7485714285713
6,2014,57.8,88.57881773399
6,2015,1.1,90.4090640394088
6,2016,70.7,92.2393103448276
6,2017,168.9,94.0695566502463
6,2018,139.3,95.8998029556651
6,2019,94.3,97.7300492610839
6,2020,99,99.5602955665026
6,2021,59.8,101.390541871921
6,2022,103.2,103.22078817734
6,2023,115.4,105.051034482759
7,1995,361.6,210.998620689654
7,1996,73.5,210.50093596059
7,1997,45.9,210.003251231526
7,1998,240.5,209.505566502462
7,1999,555.4,209.007881773398
7,2000,35.3,208.510197044334
7,2001,169.5,208.01251231527
7,2002,64,207.514827586206
7,2003,473.3,207.017142857142
7,2004,284.2,206.519458128078
7,2005,290.6,206.021773399014
7,2006,31.2,205.524088669951
7,2007,64.9,205.026403940887
7,2008,27,204.528719211823
7,2009,195.2,204.031034482759
7,2010,240.6,203.533349753695
7,2011,13.4,203.035665024631
7,2012,267.8,202.537980295567
7,2013,587.1,202.040295566503
7,2014,192.8,201.542610837439
7,2015,46.7,201.044926108375
7,2016,114.7,200.547241379311
7,2017,286.2,200.049556650247
7,2018,270.3,199.551871921183
7,2019,312.5,199.054187192119
7,2020,229.9,198.556502463055
7,2021,149.5,198.058817733991
7,2022,189.5,197.561133004927
7,2023,103.8,197.063448275863
8,1995,150.8,85.9751724137925
8,1996,45,86.1525615763541
8,1997,85.6,86.3299507389157
8,1998,196,86.5073399014773
8,1999,101.3,86.684729064039
8,2000,8.9,86.8621182266006
8,2001,69.1,87.0395073891622
8,2002,13.5,87.2168965517238
8,2003,212.9,87.3942857142854
8,2004,58.2,87.5716748768471
8,2005,137.6,87.7490640394087
8,2006,30.7,87.9264532019703
8,2007,30.5,88.1038423645319
8,2008,9.9,88.2812315270936
8,2009,114.2,88.4586206896552
8,2010,35.7,88.6360098522168
8,2011,42.1,88.8133990147784
8,2012,120.6,88.99078817734
8,2013,276.6,89.1681773399016
8,2014,57.5,89.3455665024632
8,2015,12.7,89.5229556650248
8,2016,47.9,89.7003448275864
8,2017,67,89.8777339901481
8,2018,50.2,90.0551231527097
8,2019,138.9,90.2325123152713
8,2020,136.4,90.4099014778329
8,2021,119.2,90.5872906403945
8,2022,81.2,90.7646798029562
8,2023,115.1,90.9420689655178
9,1995,289.1,156.210344827585
9,1996,47.4,155.495566502462
9,1997,17.8,154.780788177339
9,1998,119.7,154.066009852216
9,1999,450.6,153.351231527093
9,2000,39.7,152.63645320197
9,2001,135.9,151.921674876847
9,2002,28.1,151.206896551724
9,2003,341.5,150.4921182266
9,2004,143.3,149.777339901477
9,2005,259.4,149.062561576354
9,2006,41.1,148.347783251231
9,2007,41.7,147.633004926108
9,2008,18.3,146.918226600985
9,2009,201.6,146.203448275862
9,2010,130.9,145.488669950739
9,2011,36.6,144.773891625616
9,2012,155.3,144.059113300493
9,2013,480.7,143.34433497537
9,2014,105.3,142.629556650247
9,2015,32.2,141.914778325124
9,2016,88.9,141.200000000001
9,2017,224.1,140.485221674877
9,2018,154.6,139.770443349754
9,2019,159.6,139.055665024631
9,2020,142.2,138.340886699508
9,2021,101,137.626108374385
9,2022,119.2,136.911330049262
9,2023,134.1,136.196551724139
10,1995,480.5,228.151724137929
10,1996,107.8,228.646798029555
10,1997,123.8,229.14187192118
10,1998,292.2,229.636945812806
10,1999,235.2,230.132019704432
10,2000,117.3,230.627093596058
10,2001,221.1,231.122167487684
10,2002,119.4,231.617241379309
10,2003,557.9,232.112315270935
10,2004,301.3,232.607389162561
10,2005,259.2,233.102463054187
10,2006,75.9,233.597536945812
10,2007,102.8,234.092610837438
10,2008,28.5,234.587684729064
10,2009,133.3,235.08275862069
10,2010,341.5,235.577832512315
10,2011,53.9,236.072906403941
10,2012,209,236.567980295567
10,2013,572.4,237.063054187193
10,2014,413.3,237.558128078819
10,2015,78.3,238.053201970444
10,2016,170.3,238.54827586207
10,2017,266.2,239.043349753696
10,2018,321.1,239.538423645322
10,2019,338.9,240.033497536947
10,2020,348.9,240.528571428573
10,2021,296.3,241.023645320199
10,2022,213.7,241.518719211825
10,2023,37.4,242.01379310345
11,1995,457.1,265.755862068964
11,1996,118.6,264.940049261083
11,1997,42.6,264.124236453201
11,1998,401.8,263.308423645319
11,1999,506.1,262.492610837437
11,2000,65.3,261.676798029556
11,2001,303.1,260.860985221674
11,2002,139.5,260.045172413792
11,2003,562.6,259.229359605911
11,2004,203.7,258.413546798029
11,2005,310.4,257.597733990148
11,2006,80.2,256.781921182266
11,2007,97.4,255.966108374384
11,2008,47.4,255.150295566503
11,2009,250.1,254.334482758621
11,2010,369.5,253.518669950739
11,2011,33.6,252.702857142858
11,2012,350.5,251.887044334976
11,2013,835.7,251.071231527094
11,2014,175.3,250.255418719212
11,2015,69.5,249.439605911331
11,2016,141,248.623793103449
11,2017,285.5,247.807980295568
11,2018,230.3,246.992167487686
11,2019,308.2,246.176354679804
11,2020,360.7,245.360541871923
11,2021,347.6,244.544729064041
11,2022,258.1,243.728916256159
11,2023,24.3,242.913103448278
12,1995,522.4,258.119999999999
12,1996,130.7,256.739507389161
12,1997,33.8,255.359014778324
12,1998,491,253.978522167487
12,1999,366.9,252.59802955665
12,2000,52.9,251.217536945812
12,2001,195,249.837044334975
12,2002,157.2,248.456551724138
12,2003,499.2,247.0760591133
12,2004,256.4,245.695566502463
12,2005,467.7,244.315073891626
12,2006,61.3,242.934581280788
12,2007,61.8,241.554088669951
12,2008,68.6,240.173596059114
12,2009,184.5,238.793103448276
12,2010,333.4,237.412610837439
12,2011,32.5,236.032118226602
12,2012,152.5,234.651625615765
12,2013,534.6,233.271133004927
12,2014,126,231.89064039409
12,2015,79.4,230.510147783253
12,2016,198.2,229.129655172415
12,2017,458.4,227.749162561578
12,2018,285.1,226.368669950741
12,2019,319.9,224.988177339903
12,2020,288.4,223.607684729066
12,2021,232.4,222.227192118229
12,2022,222.1,220.846699507392
12,2023,112.7,219.466206896554
13,1995,480.6,220.651034482757
13,1996,95.8,219.000098522166
13,1997,44.5,217.349162561575
13,1998,223.6,215.698226600984
13,1999,577,214.047290640393
13,2000,22.6,212.396354679802
13,2001,158.4,210.745418719211
13,2002,55.8,209.09448275862
13,2003,470.6,207.443546798029
13,2004,252.2,205.792610837438
13,2005,248.4,204.141674876847
13,2006,34.5,202.490738916256
13,2007,44.1,200.839802955665
13,2008,13.2,199.188866995074
13,2009,130.3,197.537931034483
13,2010,248.9,195.886995073892
13,2011,29.8,194.236059113301
13,2012,158.8,192.58512315271
13,2013,677.1,190.934187192119
13,2014,142.8,189.283251231528
13,2015,30.3,187.632315270937
13,2016,110.9,185.981379310346
13,2017,324.4,184.330443349755
13,2018,239.1,182.679507389164
13,2019,267.5,181.028571428573
13,2020,215.1,179.377635467982
13,2021,161.6,177.726699507391
13,2022,152.3,176.0757635468
13,2023,118.4,174.424827586209
14,1995,143.5,68.1324137931027
14,1996,39,68.360640394088
14,1997,45.6,68.5888669950733
14,1998,122.5,68.8170935960585
14,1999,19.2,69.0453201970438
14,2000,7.2,69.273546798029
14,2001,52.6,69.5017733990143
14,2002,53.6,69.7299999999996
14,2003,194,69.9582266009849
14,2004,97,70.1864532019701
14,2005,105.4,70.4146798029554
14,2006,27.4,70.6429064039406
14,2007,46.6,70.8711330049259
14,2008,3.6,71.0993596059112
14,2009,129.4,71.3275862068965
14,2010,21.6,71.5558128078817
14,2011,0,71.784039408867
14,2012,98.8,72.0122660098523
14,2013,201.7,72.2404926108375
14,2014,40.7,72.4687192118228
14,2015,7,72.6969458128081
14,2016,43.9,72.9251724137933
14,2017,97.1,73.1533990147786
14,2018,6.6,73.3816256157639
14,2019,123.1,73.6098522167491
14,2020,54.5,73.8380788177344
14,2021,49.9,74.0663054187197
14,2022,84.7,74.2945320197049
14,2023,152.3,74.5227586206902
15,1995,143.4,65.3717241379304
15,1996,26.9,66.0124137931027
15,1997,52.1,66.6531034482753
15,1998,136.1,67.2937931034478
15,1999,50.2,67.9344827586201
15,2000,5.2,68.5751724137926
15,2001,37,69.2158620689652
15,2002,12.9,69.8565517241377
15,2003,128.6,70.49724137931
15,2004,134.9,71.1379310344826
15,2005,50.2,71.7786206896551
15,2006,17.5,72.4193103448274
15,2007,42.8,73.0599999999999
15,2008,14.9,73.7006896551725
15,2009,62.3,74.3413793103448
15,2010,180.7,74.9820689655173
15,2011,5.2,75.6227586206899
15,2012,53.3,76.2634482758622
15,2013,248.1,76.9041379310347
15,2014,59.8,77.5448275862072
15,2015,4.1,78.1855172413796
15,2016,119.7,78.8262068965521
15,2017,117.9,79.4668965517246
15,2018,59.9,80.1075862068969
15,2019,96.5,80.7482758620695
15,2020,130.2,81.388965517242
15,2021,54.8,82.0296551724146
15,2022,76.6,82.6703448275869
15,2023,34.1,83.3110344827594
16,1995,322.1,170.166206896551
16,1996,48.5,169.451871921181
16,1997,96.8,168.737536945812
16,1998,258.7,168.023201970443
16,1999,269.5,167.308866995073
16,2000,29.6,166.594532019704
16,2001,155.3,165.880197044334
16,2002,50,165.165862068965
16,2003,316.6,164.451527093596
16,2004,207.8,163.737192118226
16,2005,354.3,163.022857142857
16,2006,30.1,162.308522167488
16,2007,46.9,161.594187192118
16,2008,48.3,160.879852216749
16,2009,104.3,160.16551724138
16,2010,189.7,159.45118226601
16,2011,40.1,158.736847290641
16,2012,146.8,158.022512315271
16,2013,408.6,157.308177339902
16,2014,163.3,156.593842364533
16,2015,4,155.879507389163
16,2016,120.7,155.165172413794
16,2017,229.2,154.450837438425
16,2018,293.3,153.736502463055
16,2019,153.6,153.022167487686
16,2020,190.4,152.307832512316
16,2021,132.6,151.593497536947
16,2022,157.7,150.879162561578
16,2023,76,150.164827586208
17,1995,598.2,323.077241379309
17,1996,134.3,319.315566502462
17,1997,23.6,315.553891625615
17,1998,402.6,311.792216748768
17,1999,822.4,308.030541871921
17,2000,68.2,304.268866995074
17,2001,197.8,300.507192118226
17,2002,138.5,296.745517241379
17,2003,636.3,292.983842364532
17,2004,290.3,289.222167487685
17,2005,470.1,285.460492610838
17,2006,33.5,281.698817733991
17,2007,118.4,277.937142857143
17,2008,75,274.175467980296
17,2009,205.5,270.413793103449
17,2010,414.6,266.652118226602
17,2011,13.7,262.890443349755
17,2012,230.3,259.128768472908
17,2013,647,255.367093596061
17,2014,136.1,251.605418719213
17,2015,106.9,247.843743842366
17,2016,232.9,244.082068965519
17,2017,375.1,240.320394088671
17,2018,204.9,236.558719211825
17,2019,350.6,232.797044334978
17,2020,343.6,229.035369458131
17,2021,219.2,225.273694581283
17,2022,219.6,221.512019704436
17,2023,132.8,217.750344827589
18,1995,194.6,151.44275862069
18,1996,26.5,150.035024630542
18,1997,108.8,148.627290640394
18,1998,183.9,147.219556650246
18,1999,386.5,145.811822660099
18,2000,41.1,144.404088669951
18,2001,107.1,142.996354679803
18,2002,30,141.588620689655
18,2003,313.9,140.180886699507
18,2004,101.7,138.77315270936
18,2005,252.7,137.365418719212
18,2006,68.6,135.957684729064
18,2007,77.9,134.549950738916
18,2008,11.6,133.142216748769
18,2009,205.7,131.734482758621
18,2010,110.8,130.326748768473
18,2011,41.9,128.919014778325
18,2012,105.9,127.511280788177
18,2013,368.4,126.10354679803
18,2014,108.9,124.695812807882
18,2015,27.3,123.288078817734
18,2016,62.3,121.880344827587
18,2017,185.1,120.472610837439
18,2018,113.6,119.064876847291
18,2019,162.4,117.657142857143
18,2020,81.4,116.249408866996
18,2021,116,114.841674876848
18,2022,87.4,113.4339408867
18,2023,138.3,112.026206896552
19,1995,425.2,247.916551724137
19,1996,72.3,245.889014778324
19,1997,46.1,243.861477832511
19,1998,330.6,241.833940886699
19,1999,591.7,239.806403940886
19,2000,37,237.778866995073
19,2001,266.8,235.751330049261
19,2002,75.8,233.723793103448
19,2003,529.6,231.696256157635
19,2004,227.2,229.668719211822
19,2005,259.6,227.64118226601
19,2006,68,225.613645320197
19,2007,86.7,223.586108374384
19,2008,43.1,221.558571428572
19,2009,200.2,219.531034482759
19,2010,301.5,217.503497536946
19,2011,23.2,215.475960591134
19,2012,244,213.448423645321
19,2013,696.1,211.420886699508
19,2014,142.7,209.393349753695
19,2015,48.1,207.365812807883
19,2016,91.3,205.33827586207
19,2017,309.3,203.310738916257
19,2018,235,201.283201970444
19,2019,330.3,199.255665024632
19,2020,271.8,197.228128078819
19,2021,180.4,195.200591133006
19,2022,157.6,193.173054187194
19,2023,75.2,191.145517241381
20,1995,152.7,117.162068965516
20,1996,50.9,118.599507389162
20,1997,109.7,120.036945812807
20,1998,279.1,121.474384236452
20,1999,86.1,122.911822660098
20,2000,30.5,124.349261083743
20,2001,91,125.786699507389
20,2002,90.6,127.224137931034
20,2003,186.2,128.661576354679
20,2004,156.1,130.099014778325
20,2005,218.3,131.53645320197
20,2006,60.5,132.973891625615
20,2007,158.2,134.41133004926
20,2008,50.9,135.848768472906
20,2009,114.8,137.286206896551
20,2010,230.4,138.723645320197
20,2011,12.9,140.161083743842
20,2012,137.7,141.598522167487
20,2013,298.6,143.035960591133
20,2014,205.4,144.473399014778
20,2015,40,145.910837438423
20,2016,100.4,147.348275862069
20,2017,210.1,148.785714285714
20,2018,27.8,150.22315270936
20,2019,273,151.660591133005
20,2020,216.4,153.09802955665
20,2021,139,154.535467980295
20,2022,177.5,155.972906403941
20,2023,76.5,157.410344827586
21,1995,108.2,121.251724137931
21,1996,48.2,121.492118226601
21,1997,65.6,121.732512315271
21,1998,332.3,121.972906403941
21,1999,123.9,122.213300492611
21,2000,32.6,122.453694581281
21,2001,26.1,122.694088669951
21,2002,83.6,122.934482758621
21,2003,139.9,123.174876847291
21,2004,189.1,123.415270935961
21,2005,194,123.655665024631
21,2006,93.9,123.8960591133
21,2007,380.9,124.13645320197
21,2008,23.7,124.37684729064
21,2009,48.4,124.61724137931
21,2010,130.2,124.85763546798
21,2011,27.2,125.09802955665
21,2012,102.6,125.33842364532
21,2013,167.3,125.57881773399
21,2014,203.3,125.81921182266
21,2015,63.5,126.05960591133
21,2016,120.4,126.3
21,2017,177.9,126.54039408867
21,2018,58.5,126.78078817734
21,2019,173.5,127.02118226601
21,2020,214.7,127.26157635468
21,2021,171.4,127.50197044335
21,2022,60.7,127.74236453202
21,2023,52.3,127.98275862069
22,1995,299,166.903448275861
22,1996,60.4,165.736945812807
22,1997,81.7,164.570443349753
22,1998,181.4,163.403940886699
22,1999,290.5,162.237438423645
22,2000,36,161.07093596059
22,2001,187.3,159.904433497537
22,2002,74,158.737931034482
22,2003,329,157.571428571428
22,2004,155.2,156.404926108374
22,2005,301.9,155.23842364532
22,2006,47.2,154.071921182266
22,2007,75.3,152.905418719212
22,2008,23.8,151.738916256158
22,2009,194.5,150.572413793103
22,2010,93.3,149.40591133005
22,2011,17.9,148.239408866995
22,2012,77.7,147.072906403941
22,2013,574.8,145.906403940887
22,2014,87.8,144.739901477833
22,2015,15.1,143.573399014779
22,2016,97.5,142.406896551724
22,2017,223.9,141.240394088671
22,2018,154.1,140.073891625616
22,2019,197.9,138.907389162562
22,2020,133.1,137.740886699508
22,2021,132.8,136.574384236454
22,2022,119.3,135.4078817734
22,2023,104.2,134.241379310346
23,1995,100.8,101.931034482759
23,1996,35.1,101.287192118227
23,1997,83.3,100.643349753695
23,1998,217.5,99.9995073891628
23,1999,81.7,99.3556650246308
23,2000,3.7,98.7118226600987
23,2001,57.4,98.0679802955667
23,2002,30,97.4241379310347
23,2003,184.2,96.7802955665027
23,2004,149.6,96.1364532019707
23,2005,108.4,95.4926108374386
23,2006,69.4,94.8487684729066
23,2007,83.9,94.2049261083746
23,2008,26.4,93.5610837438426
23,2009,100.4,92.9172413793106
23,2010,282.3,92.2733990147785
23,2011,0.7,91.6295566502465
23,2012,109.5,90.9857142857145
23,2013,263.7,90.3418719211825
23,2014,98.9,89.6980295566505
23,2015,13.2,89.0541871921184
23,2016,124.5,88.4103448275864
23,2017,93.5,87.7665024630544
23,2018,5.2,87.1226600985224
23,2019,95.1,86.4788177339904
23,2020,111.3,85.8349753694583
23,2021,82.1,85.1911330049263
23,2022,65.4,84.5472906403943
23,2023,17.4,83.9034482758623
24,1995,300.4,150.293103448274
24,1996,67.3,151.909113300491
24,1997,22,153.525123152708
24,1998,163.2,155.141133004925
24,1999,343.4,156.757142857142
24,2000,11.8,158.373152709359
24,2001,170.5,159.989162561576
24,2002,43.7,161.605172413792
24,2003,346.7,163.221182266009
24,2004,199.1,164.837192118226
24,2005,225.6,166.453201970443
24,2006,18.5,168.06921182266
24,2007,57.4,169.685221674877
24,2008,2.2,171.301231527093
24,2009,182.7,172.91724137931
24,2010,221.3,174.533251231527
24,2011,15,176.149261083744
24,2012,241,177.765270935961
24,2013,739.4,179.381280788178
24,2014,162.8,180.997290640395
24,2015,42.7,182.613300492611
24,2016,88.6,184.229310344828
24,2017,231.2,185.845320197045
24,2018,234.5,187.461330049262
24,2019,254.5,189.077339901479
24,2020,201.7,190.693349753696
24,2021,187.2,192.309359605913
24,2022,174.4,193.925369458129
24,2023,65.8,195.541379310346
25,1995,115.3,66.7841379310344
25,1996,23.5,66.0712315270935
25,1997,49.9,65.3583251231528
25,1998,145.9,64.6454187192119
25,1999,55.4,63.932512315271
25,2000,1.6,63.2196059113301
25,2001,22.5,62.5066995073892
25,2002,12.6,61.7937931034485
25,2003,169.8,61.0808866995076
25,2004,70.4,60.3679802955667
25,2005,51.5,59.6550738916258
25,2006,15.2,58.9421674876849
25,2007,22.9,58.2292610837439
25,2008,14.9,57.5163546798033
25,2009,91.3,56.8034482758624
25,2010,82.7,56.0905418719215
25,2011,0,55.3776354679806
25,2012,80.7,54.6647290640396
25,2013,151.3,53.951822660099
25,2014,59.9,53.2389162561581
25,2015,2,52.5260098522172
25,2016,63.9,51.8131034482763
25,2017,114.6,51.1001970443353
25,2018,0,50.3872906403944
25,2019,69.3,49.6743842364538
25,2020,84.2,48.9614778325129
25,2021,25.7,48.2485714285719
25,2022,41.5,47.535665024631
25,2023,8.8,46.8227586206901
26,1995,497.8,272.38344827586
26,1996,90.7,270.134137931033
26,1997,32.2,267.884827586206
26,1998,416.8,265.635517241378
26,1999,614.8,263.386206896551
26,2000,93.6,261.136896551723
26,2001,199.3,258.887586206895
26,2002,110.2,256.638275862068
26,2003,462.4,254.388965517241
26,2004,214.9,252.139655172414
26,2005,386.2,249.890344827586
26,2006,104.3,247.641034482758
26,2007,94.8,245.391724137931
26,2008,74.5,243.142413793104
26,2009,192.2,240.893103448276
26,2010,406.9,238.643793103449
26,2011,4,236.394482758621
26,2012,296.2,234.145172413793
26,2013,653.9,231.895862068966
26,2014,88.5,229.646551724139
26,2015,68.2,227.397241379311
26,2016,116.9,225.147931034484
26,2017,410.5,222.898620689656
26,2018,234.2,220.649310344828
26,2019,362.3,218.400000000001
26,2020,298.4,216.150689655174
26,2021,126,213.901379310347
26,2022,210.8,211.652068965519
26,2023,124.4,209.402758620691
27,1995,510.1,153.575172413791
27,1996,54.8,152.470049261081
27,1997,36.6,151.364926108372
27,1998,171.5,150.259802955663
27,1999,90.8,149.154679802954
27,2000,16.1,148.049556650245
27,2001,95.1,146.944433497536
27,2002,106.3,145.839310344827
27,2003,245,144.734187192117
27,2004,172.9,143.629064039408
27,2005,246.5,142.523940886699
27,2006,35.9,141.41881773399
27,2007,53,140.313694581281
27,2008,27,139.208571428572
27,2009,141.9,138.103448275862
27,2010,222.8,136.998325123153
27,2011,14.5,135.893201970444
27,2012,201.9,134.788078817735
27,2013,269.2,133.682955665026
27,2014,148.2,132.577832512316
27,2015,39,131.472709359608
27,2016,88.5,130.367586206898
27,2017,204.8,129.262463054189
27,2018,120.9,128.15733990148
27,2019,223.7,127.052216748771
27,2020,208.1,125.947093596062
27,2021,119.6,124.841970443352
27,2022,125.7,123.736847290643
27,2023,14.6,122.631724137934
28,1995,172.3,56.1062068965502
28,1996,13.1,57.5104433497527
28,1997,13.9,58.9146798029547
28,1998,83.7,60.3189162561566
28,1999,39.4,61.7231527093586
28,2000,0.9,63.1273891625606
28,2001,27.1,64.5316256157626
28,2002,15.5,65.935862068965
28,2003,178.3,67.340098522167
28,2004,69.3,68.7443349753689
28,2005,167.5,70.1485714285709
28,2006,58.2,71.5528078817729
28,2007,52.8,72.9570443349749
28,2008,16.4,74.3612807881773
28,2009,76.8,75.7655172413793
28,2010,52.9,77.1697536945812
28,2011,16.7,78.5739901477832
28,2012,138.3,79.9782266009852
28,2013,247.3,81.3824630541872
28,2014,49,82.7866995073896
28,2015,10.4,84.1909359605916
28,2016,50.5,85.5951724137935
28,2017,70.3,86.9994088669955
28,2018,14.9,88.4036453201975
28,2019,116.9,89.8078817733995
28,2020,128.4,91.2121182266014
28,2021,70,92.6163546798039
28,2022,87.9,94.0205911330058
28,2023,158.5,95.4248275862078
29,1995,133.1,58.377931034482
29,1996,23.1,58.8312315270929
29,1997,41.8,59.2845320197038
29,1998,127.1,59.7378325123146
29,1999,67,60.1911330049255
29,2000,0,60.6444334975364
29,2001,22.9,61.0977339901473
29,2002,9.7,61.5510344827583
29,2003,105.3,62.0043349753691
29,2004,107.7,62.45763546798
29,2005,101.3,62.9109359605909
29,2006,24.8,63.3642364532018
29,2007,22.5,63.8175369458127
29,2008,4.3,64.2708374384235
29,2009,64.3,64.7241379310344
29,2010,63.1,65.1774384236453
29,2011,2.8,65.6307389162562
29,2012,117,66.0840394088671
29,2013,219,66.5373399014779
29,2014,26.5,66.9906403940888
29,2015,0.8,67.4439408866997
29,2016,60.5,67.8972413793106
29,2017,130.7,68.3505418719215
29,2018,49.3,68.8038423645323
29,2019,53,69.2571428571432
29,2020,103.6,69.7104433497541
29,2021,53.9,70.1637438423651
29,2022,44.9,70.617044334976
29,2023,97,71.0703448275868
30,1995,118.4,81.0813793103445
30,1996,27.2,80.979753694581
30,1997,55.7,80.8781280788174
30,1998,197.9,80.7765024630539
30,1999,90.7,80.6748768472904
30,2000,11.6,80.5732512315269
30,2001,64.2,80.4716256157633
30,2002,42.6,80.3699999999998
30,2003,222.6,80.2683743842363
30,2004,66.1,80.1667487684728
30,2005,119.7,80.0651231527092
30,2006,22.2,79.9634975369457
30,2007,73.9,79.8618719211822
30,2008,15.1,79.7602463054187
30,2009,121.7,79.6586206896552
30,2010,50.5,79.5569950738916
30,2011,25.8,79.4553694581281
30,2012,69.5,79.3537438423646
30,2013,211.5,79.2521182266011
30,2014,27.9,79.1504926108375
30,2015,12.5,79.048866995074
30,2016,31.3,78.9472413793105
30,2017,63.7,78.845615763547
30,2018,10.5,78.7439901477834
30,2019,156.8,78.6423645320199
30,2020,54.2,78.5407389162564
30,2021,138.3,78.4391133004929
30,2022,82.3,78.3374876847293
30,2023,125.7,78.2358620689658
