Year,District,Rainfall,Mean_Rainfall,Anomaly,Pos_Anomaly,Neg_Anomaly,RAI
1995,Ang,1308.069643,1305.60822,2.461422414,2.461422414,NA,0.015116462
1995,Bala,2190.483333,1686.490734,503.9925993,503.9925993,NA,2.768805046
1995,Barg,1259.433333,1265.320044,-5.886711076,NA,-5.886711076,-0.039994711
1995,Bhad,1725.814286,1454.896059,270.9182266,270.9182266,NA,1.359859752
1995,Bal,1474.542857,1218.274106,256.2687514,256.2687514,NA,1.536260047
1995,Bou,1236.666667,1334.226437,-97.55977011,NA,-97.55977011,-0.38741879
1995,Cut,1639.076923,1579.292927,59.78399646,59.78399646,NA,0.415152452
1995,Deo,1228.633333,1337.438851,-108.8055172,NA,-108.8055172,-0.622767328
1995,Dhen,1745.3125,1402.135259,343.1772414,343.1772414,NA,3
1995,Gaj,1982.4625,1397.067069,585.395431,585.395431,NA,3
1995,Gan,1963.659091,1301.889201,661.7698903,661.7698903,NA,2.961935537
1995,Jaga,1769.075,1480.032759,289.0422414,289.0422414,NA,1.149304185
1995,Jaj,2154.7,1568.708621,585.9913793,585.9913793,NA,3
1995,Jhar,1492.16,1347.493276,144.6667241,144.6667241,NA,0.822769849
1995,Kala,1590.3,1546.864721,43.43527851,43.43527851,NA,0.158831203
1995,Kand,1842.891667,1602.114368,240.7772989,240.7772989,NA,0.940778502
1995,Kend,1906.977778,1505.838314,401.1394636,401.1394636,NA,2.125365148
1995,Keon,1179.153846,1386.897414,-207.7435676,NA,-207.7435676,-1.187407715
1995,Kho,1858.411,1448.910494,409.5005057,409.5005057,NA,2.017709349
1995,Kor,1531.264286,1529.634451,1.629835165,1.629835165,NA,0.008496925
1995,Malk,1465.414286,1591.338198,-125.9239127,NA,-125.9239127,-0.584570425
1995,Mayu,1598.723077,1521.922202,76.80087533,76.80087533,NA,0.31814909
1995,Nawa,1499.28,1603.210345,-103.9303448,NA,-103.9303448,-0.517297722
1995,Naya,1804.275,1416.72306,387.5519397,387.5519397,NA,1.817318605
1995,Nua,1140.74,1142.529379,-1.78937931,NA,-1.78937931,-0.011207685
1995,Puri,2115.981818,1444.938401,671.0434169,671.0434169,NA,3
1995,Ray,1450.354545,1283.918558,166.4359875,166.4359875,NA,0.72019073
1995,Sam,1368.066667,1450.838966,-82.77229885,NA,-82.77229885,-0.394442457
1995,Son,1436.75,1350.685747,86.06425287,86.06425287,NA,0.465507766
1995,Sun,1233.347059,1307.702298,-74.35523951,NA,-74.35523951,-0.615949508
1996,Ang,959.3,1305.60822,-346.3082204,NA,-346.3082204,-2.539486154
1996,Bala,1410.816667,1686.490734,-275.6740674,NA,-275.6740674,-1.257447734
1996,Barg,823.7583333,1265.320044,-441.5617111,NA,-441.5617111,-3
1996,Bhad,1158.442857,1454.896059,-296.453202,NA,-296.453202,-1.819011664
1996,Bal,724.3571429,1218.274106,-493.9169629,NA,-493.9169629,-3
1996,Bou,578.7666667,1334.226437,-755.4597701,NA,-755.4597701,-3
1996,Cut,813.4076923,1579.292927,-765.8852343,NA,-765.8852343,-3
1996,Deo,1336.9,1337.438851,-0.538850575,NA,-0.538850575,-0.003084205
1996,Dhen,1021.4125,1402.135259,-380.7227586,NA,-380.7227586,-2.960248578
1996,Gaj,901.3625,1397.067069,-495.704569,NA,-495.704569,-3
1996,Gan,871.3409091,1301.889201,-430.5482915,NA,-430.5482915,-3
1996,Jaga,824.7,1480.032759,-655.3327586,NA,-655.3327586,-3
1996,Jaj,1020.97,1568.708621,-547.7386207,NA,-547.7386207,-2.963907488
1996,Jhar,1225.02,1347.493276,-122.4732759,NA,-122.4732759,-0.512946079
1996,Kala,1045.392308,1546.864721,-501.4724138,NA,-501.4724138,-2.279090317
1996,Kand,1093.025,1602.114368,-509.0893678,NA,-509.0893678,-3
1996,Kend,980.3555556,1505.838314,-525.4827586,NA,-525.4827586,-2.45665582
1996,Keon,927.7230769,1386.897414,-459.1743369,NA,-459.1743369,-2.624520009
1996,Kho,778.19,1448.910494,-670.7204943,NA,-670.7204943,-3
1996,Kor,1264.628571,1529.634451,-265.0058791,NA,-265.0058791,-1.520051598
1996,Malk,1515.814286,1591.338198,-75.52391274,NA,-75.52391274,-0.350600968
1996,Mayu,1188.703846,1521.922202,-333.2183554,NA,-333.2183554,-1.899168824
1996,Nawa,1261.73,1603.210345,-341.4803448,NA,-341.4803448,-1.699667261
1996,Naya,784.3125,1416.72306,-632.4105603,NA,-632.4105603,-3
1996,Nua,663.56,1142.529379,-478.9693793,NA,-478.9693793,-3
1996,Puri,782.6545455,1444.938401,-662.2838558,NA,-662.2838558,-3
1996,Ray,950.3636364,1283.918558,-333.5549216,NA,-333.5549216,-2.459127865
1996,Sam,1045.111111,1450.838966,-405.7278544,NA,-405.7278544,-1.933452304
1996,Son,745.35,1350.685747,-605.3357471,NA,-605.3357471,-3
1996,Sun,1072.164706,1307.702298,-235.5375924,NA,-235.5375924,-1.95116397
1997,Ang,1478.1375,1305.60822,172.5292796,172.5292796,NA,1.059563048
1997,Bala,2232.566667,1686.490734,546.0759326,546.0759326,NA,3
1997,Barg,1549.341667,1265.320044,284.0216223,284.0216223,NA,1.912904276
1997,Bhad,1707.285714,1454.896059,252.3896552,252.3896552,NA,1.266856565
1997,Bal,1311.135714,1218.274106,92.86160856,92.86160856,NA,0.556679573
1997,Bou,1401,1334.226437,66.77356322,66.77356322,NA,0.389971578
1997,Cut,1653,1579.292927,73.70707339,73.70707339,NA,0.511837182
1997,Deo,1292.3,1337.438851,-45.13885057,NA,-45.13885057,-0.258360073
1997,Dhen,1610.9125,1402.135259,208.7772414,208.7772414,NA,1.825096914
1997,Gaj,1335.725,1397.067069,-61.34206897,NA,-61.34206897,-0.3712417
1997,Gan,1227.759091,1301.889201,-74.13010972,NA,-74.13010972,-0.516528189
1997,Jaga,1814.7125,1480.032759,334.6797414,334.6797414,NA,1.33077029
1997,Jaj,1771.8,1568.708621,203.0913793,203.0913793,NA,1.039732255
1997,Jhar,1079.52,1347.493276,-267.9732759,NA,-267.9732759,-1.122333344
1997,Kala,1629.407692,1546.864721,82.54297082,82.54297082,NA,0.301837581
1997,Kand,1768.591667,1602.114368,166.4772989,166.4772989,NA,0.650469395
1997,Kend,1754.7,1505.838314,248.8616858,248.8616858,NA,1.318548788
1997,Keon,1445.846154,1386.897414,58.94874005,58.94874005,NA,0.338012129
1997,Kho,1482.25,1448.910494,33.33950575,33.33950575,NA,0.164271915
1997,Kor,1293.428571,1529.634451,-236.2058791,NA,-236.2058791,-1.354857202
1997,Malk,1217.671429,1591.338198,-373.6667699,NA,-373.6667699,-1.734654981
1997,Mayu,1736.438462,1521.922202,214.5162599,214.5162599,NA,0.888637697
1997,Nawa,1355.92,1603.210345,-247.2903448,NA,-247.2903448,-1.230850646
1997,Naya,1440.0375,1416.72306,23.31443966,23.31443966,NA,0.109326675
1997,Nua,1193.74,1142.529379,51.21062069,51.21062069,NA,0.332788163
1997,Puri,1592.727273,1444.938401,147.7888715,147.7888715,NA,0.660712263
1997,Ray,1127.845455,1283.918558,-156.0731034,NA,-156.0731034,-1.150646244
1997,Sam,1483.5,1450.838966,32.66103448,32.66103448,NA,0.228816692
1997,Son,1797.616667,1350.685747,446.9309195,446.9309195,NA,2.417377794
1997,Sun,1292.507647,1307.702298,-15.19465127,NA,-15.19465127,-0.125870592
1998,Ang,1108.15,1305.60822,-197.4582204,NA,-197.4582204,-1.447965677
1998,Bala,1608.075,1686.490734,-78.41573406,NA,-78.41573406,-0.357682128
1998,Barg,1156.808333,1265.320044,-108.5117111,NA,-108.5117111,-0.737235872
1998,Bhad,1202.088095,1454.896059,-252.8079639,NA,-252.8079639,-1.551208191
1998,Bal,914.9214286,1218.274106,-303.3526772,NA,-303.3526772,-1.84253245
1998,Bou,860.9666667,1334.226437,-473.2597701,NA,-473.2597701,-1.879357931
1998,Cut,1445.476923,1579.292927,-133.8160035,NA,-133.8160035,-0.524162097
1998,Deo,1183.033333,1337.438851,-154.4055172,NA,-154.4055172,-0.883766871
1998,Dhen,1343.0125,1402.135259,-59.12275862,NA,-59.12275862,-0.459699501
1998,Gaj,1248.15,1397.067069,-148.917069,NA,-148.917069,-0.901244884
1998,Gan,1374.031818,1301.889201,72.14261755,72.14261755,NA,0.322894386
1998,Jaga,1903.7125,1480.032759,423.6797414,423.6797414,NA,1.684656531
1998,Jaj,1446.5,1568.708621,-122.2086207,NA,-122.2086207,-0.661291777
1998,Jhar,1176.26,1347.493276,-171.2332759,NA,-171.2332759,-0.717164107
1998,Kala,1126.007692,1546.864721,-420.8570292,NA,-420.8570292,-1.91270976
1998,Kand,1477.891667,1602.114368,-124.2227011,NA,-124.2227011,-0.732028848
1998,Kend,1271.411111,1505.838314,-234.4272031,NA,-234.4272031,-1.095957847
1998,Keon,1154.423077,1386.897414,-232.4743369,NA,-232.4743369,-1.328762302
1998,Kho,1509.42,1448.910494,60.50950575,60.50950575,NA,0.298145164
1998,Kor,1278.892857,1529.634451,-250.7415934,NA,-250.7415934,-1.438232846
1998,Malk,1411.6,1591.338198,-179.7381985,NA,-179.7381985,-0.834389853
1998,Mayu,1247.926923,1521.922202,-273.9952785,NA,-273.9952785,-1.561628531
1998,Nawa,1219.29,1603.210345,-383.9203448,NA,-383.9203448,-1.910906004
1998,Naya,1238.6375,1416.72306,-178.0855603,NA,-178.0855603,-0.844794054
1998,Nua,1165.66,1142.529379,23.13062069,23.13062069,NA,0.150312507
1998,Puri,1707.872727,1444.938401,262.934326,262.934326,NA,1.175487246
1998,Ray,1329.145455,1283.918558,45.22689655,45.22689655,NA,0.195702817
1998,Sam,992.4,1450.838966,-458.4389655,NA,-458.4389655,-2.184641415
1998,Son,973.4666667,1350.685747,-377.2190805,NA,-377.2190805,-1.869470367
1998,Sun,1271.035294,1307.702298,-36.66700421,NA,-36.66700421,-0.303744879
1999,Ang,1350.0875,1305.60822,44.47927956,44.47927956,NA,0.273162915
1999,Bala,2183.25,1686.490734,496.7592659,496.7592659,NA,2.729066983
1999,Barg,1251.033333,1265.320044,-14.28671108,NA,-14.28671108,-0.097064877
1999,Bhad,1730.916667,1454.896059,276.0206076,276.0206076,NA,1.385470884
1999,Bal,943.8571429,1218.274106,-274.4169629,NA,-274.4169629,-1.666779946
1999,Bou,1039.4,1334.226437,-294.8264368,NA,-294.8264368,-1.170782807
1999,Cut,1808.894872,1579.292927,229.6019452,229.6019452,NA,1.594403456
1999,Deo,1443.9,1337.438851,106.4611494,106.4611494,NA,0.44575842
1999,Dhen,1542.225,1402.135259,140.0897414,140.0897414,NA,1.224641886
1999,Gaj,1049.775,1397.067069,-347.292069,NA,-347.292069,-2.101808763
1999,Gan,1227.177273,1301.889201,-74.7119279,NA,-74.7119279,-0.520582216
1999,Jaga,1720.8125,1480.032759,240.7797414,240.7797414,NA,0.957400424
1999,Jaj,2079,1568.708621,510.2913793,510.2913793,NA,2.612451637
1999,Jhar,1182.565,1347.493276,-164.9282759,NA,-164.9282759,-0.690757326
1999,Kala,1209.9,1546.864721,-336.9647215,NA,-336.9647215,-1.531436252
1999,Kand,1363.258333,1602.114368,-238.8560345,NA,-238.8560345,-1.40754875
1999,Kend,2072.055556,1505.838314,566.2172414,566.2172414,NA,3
1999,Keon,1595.453846,1386.897414,208.5564324,208.5564324,NA,1.195862774
1999,Kho,1473.42,1448.910494,24.50950575,24.50950575,NA,0.120764341
1999,Kor,1484.216429,1529.634451,-45.41802198,NA,-45.41802198,-0.260513982
1999,Malk,1748.228571,1591.338198,156.890373,156.890373,NA,0.703915154
1999,Mayu,1670.3,1521.922202,148.3777984,148.3777984,NA,0.614657859
1999,Nawa,1434.42,1603.210345,-168.7903448,NA,-168.7903448,-0.840128656
1999,Naya,1060.25,1416.72306,-356.4730603,NA,-356.4730603,-1.691020435
1999,Nua,1062.78,1142.529379,-79.74937931,NA,-79.74937931,-0.499506123
1999,Puri,1559.572727,1444.938401,114.634326,114.634326,NA,0.512489907
1999,Ray,885.9909091,1283.918558,-397.9276489,NA,-397.9276489,-2.933714679
1999,Sam,1275.644444,1450.838966,-175.1945211,NA,-175.1945211,-0.834870583
1999,Son,1156.916667,1350.685747,-193.7690805,NA,-193.7690805,-0.96030549
1999,Sun,1494.358824,1307.702298,186.6565252,186.6565252,NA,1.358039302
2000,Ang,896.5,1305.60822,-409.1082204,NA,-409.1082204,-3
2000,Bala,1492.5,1686.490734,-193.9907341,NA,-193.9907341,-0.884860921
2000,Barg,843,1265.320044,-422.3200444,NA,-422.3200444,-2.869270821
2000,Bhad,1017.7,1454.896059,-437.1960591,NA,-437.1960591,-2.68259788
2000,Bal,812.3,1218.274106,-405.9741057,NA,-405.9741057,-2.465844279
2000,Bou,983.8,1334.226437,-350.4264368,NA,-350.4264368,-1.391575504
2000,Cut,977.8,1579.292927,-601.4929266,NA,-601.4929266,-2.35606942
2000,Deo,813.3,1337.438851,-524.1388506,NA,-524.1388506,-3
2000,Dhen,1016.3,1402.135259,-385.8352586,NA,-385.8352586,-3
2000,Gaj,1166.4,1397.067069,-230.667069,NA,-230.667069,-1.395995216
2000,Gan,1014,1301.889201,-287.8892006,NA,-287.8892006,-2.005971499
2000,Jaga,835,1480.032759,-645.0327586,NA,-645.0327586,-2.952848382
2000,Jaj,1014.3,1568.708621,-554.4086207,NA,-554.4086207,-3
2000,Jhar,631.2,1347.493276,-716.2932759,NA,-716.2932759,-3
2000,Kala,1291.8,1546.864721,-255.0647215,NA,-255.0647215,-1.159217379
2000,Kand,1275.6,1602.114368,-326.5143678,NA,-326.5143678,-1.92410835
2000,Kend,873.9,1505.838314,-631.9383142,NA,-631.9383142,-2.954340389
2000,Keon,1160.9,1386.897414,-225.9974138,NA,-225.9974138,-1.291741909
2000,Kho,1098,1448.910494,-350.9104943,NA,-350.9104943,-1.569553177
2000,Kor,1359.1,1529.634451,-170.5344505,NA,-170.5344505,-0.978171371
2000,Malk,1296.5,1591.338198,-294.8381985,NA,-294.8381985,-1.368712957
2000,Mayu,1286.2,1521.922202,-235.7222016,NA,-235.7222016,-1.343492185
2000,Nawa,1290.9,1603.210345,-312.3103448,NA,-312.3103448,-1.554477956
2000,Naya,1190.1,1416.72306,-226.6230603,NA,-226.6230603,-1.075044004
2000,Nua,684.5,1142.529379,-458.0293793,NA,-458.0293793,-2.86884339
2000,Puri,986.2,1444.938401,-458.7384013,NA,-458.7384013,-2.077983921
2000,Ray,877,1283.918558,-406.918558,NA,-406.918558,-3
2000,Sam,821.3,1450.838966,-629.5389655,NA,-629.5389655,-3
2000,Son,1008.2,1350.685747,-342.4857471,NA,-342.4857471,-1.69733449
2000,Sun,977,1307.702298,-330.7022983,NA,-330.7022983,-2.739496496
2002,Ang,1663.35,1305.60822,357.7417796,357.7417796,NA,2.197018217
2002,Bala,1842.147955,1686.490734,155.6572205,155.6572205,NA,0.855140528
2002,Barg,1525.283333,1265.320044,259.9632889,259.9632889,NA,1.750869821
2002,Bhad,1630.128571,1454.896059,175.2325123,175.2325123,NA,0.879570355
2002,Bal,1604.984615,1218.274106,386.7105097,386.7105097,NA,2.318222188
2002,Bou,1461.666667,1334.226437,127.4402299,127.4402299,NA,0.744277602
2002,Cut,1898.492308,1579.292927,319.1993811,319.1993811,NA,2.216586606
2002,Deo,1668,1337.438851,330.5611494,330.5611494,NA,1.38407688
2002,Dhen,1614,1402.135259,211.8647414,211.8647414,NA,1.85208734
2002,Gaj,1198.35,1397.067069,-198.717069,NA,-198.717069,-1.202634077
2002,Gan,1376.772727,1301.889201,74.88352665,74.88352665,NA,0.335162089
2002,Jaga,1504.2875,1480.032759,24.25474138,24.25474138,NA,0.096442913
2002,Jaj,1432.9,1568.708621,-135.8086207,NA,-135.8086207,-0.734883706
2002,Jhar,1374.9,1347.493276,27.40672414,27.40672414,NA,0.155871548
2002,Kala,2367.269231,1546.864721,820.4045093,820.4045093,NA,3
2002,Kand,1964.325,1602.114368,362.2106322,362.2106322,NA,1.4152496
2002,Kend,1211.9,1505.838314,-293.9383142,NA,-293.9383142,-1.374175001
2002,Keon,1390.653846,1386.897414,3.756432361,3.756432361,NA,0.021539387
2002,Kho,2057.77,1448.910494,608.8595057,608.8595057,NA,3
2002,Kor,1630.418571,1529.634451,100.7841209,100.7841209,NA,0.525424366
2002,Malk,1173.971429,1591.338198,-417.3667699,NA,-417.3667699,-1.937521355
2002,Mayu,1652.703846,1521.922202,130.7816446,130.7816446,NA,0.541765456
2002,Nawa,1802.83,1603.210345,199.6196552,199.6196552,NA,0.867396568
2002,Naya,1822.525,1416.72306,405.8019397,405.8019397,NA,1.902896978
2002,Nua,1228.88,1142.529379,86.35062069,86.35062069,NA,0.56114267
2002,Puri,2023.481818,1444.938401,578.5434169,578.5434169,NA,2.58646491
2002,Ray,1199.672727,1283.918558,-84.24583072,NA,-84.24583072,-0.621100924
2002,Sam,1794.055556,1450.838966,343.21659,343.21659,NA,2.404506958
2002,Son,1866.516667,1350.685747,515.8309195,515.8309195,NA,2.790046864
2002,Sun,1720.039095,1307.702298,412.3367967,412.3367967,NA,3
2002,Ang,900.4875,1305.60822,-405.1207204,NA,-405.1207204,-2.970759571
2002,Bala,1320.825,1686.490734,-365.6657341,NA,-365.6657341,-1.66793182
2002,Barg,876.9,1265.320044,-388.4200444,NA,-388.4200444,-2.638951938
2002,Bhad,1060.752381,1454.896059,-394.1436782,NA,-394.1436782,-2.418432128
2002,Bal,831.4351648,1218.274106,-386.8389409,NA,-386.8389409,-2.349619288
2002,Bou,1209.333333,1334.226437,-124.8931034,NA,-124.8931034,-0.495961963
2002,Cut,1042.384615,1579.292927,-536.9083112,NA,-536.9083112,-2.103089159
2002,Deo,965.5333333,1337.438851,-371.9055172,NA,-371.9055172,-2.128666002
2002,Dhen,1021.8625,1402.135259,-380.2727586,NA,-380.2727586,-2.956749676
2002,Gaj,963.1625,1397.067069,-433.904569,NA,-433.904569,-2.625986905
2002,Gan,951.6818182,1301.889201,-350.2073824,NA,-350.2073824,-2.440195834
2002,Jaga,1047.1125,1480.032759,-432.9202586,NA,-432.9202586,-1.981834051
2002,Jaj,1024.55,1568.708621,-544.1586207,NA,-544.1586207,-2.944535494
2002,Jhar,979.68,1347.493276,-367.8132759,NA,-367.8132759,-1.54048609
2002,Kala,886.7692308,1546.864721,-660.0954907,NA,-660.0954907,-3
2002,Kand,1264.191667,1602.114368,-337.9227011,NA,-337.9227011,-1.991336232
2002,Kend,864.1333333,1505.838314,-641.7049808,NA,-641.7049808,-3
2002,Keon,862.0307692,1386.897414,-524.8666446,NA,-524.8666446,-3
2002,Kho,1188.9,1448.910494,-260.0104943,NA,-260.0104943,-1.162975471
2002,Kor,1006.614286,1529.634451,-523.0201648,NA,-523.0201648,-3
2002,Malk,945.1,1591.338198,-646.2381985,NA,-646.2381985,-3
2002,Mayu,1177.911538,1521.922202,-344.0106631,NA,-344.0106631,-1.960679284
2002,Nawa,1000.48,1603.210345,-602.7303448,NA,-602.7303448,-3
2002,Naya,1069.3875,1416.72306,-347.3355603,NA,-347.3355603,-1.647674385
2002,Nua,670.06,1142.529379,-472.4693793,NA,-472.4693793,-2.959287585
2002,Puri,1057,1444.938401,-387.9384013,NA,-387.9384013,-1.757275515
2002,Ray,905,1283.918558,-378.918558,NA,-378.918558,-2.793570486
2002,Sam,1048.688889,1450.838966,-402.1500766,NA,-402.1500766,-1.91640279
2002,Son,1119.5,1350.685747,-231.1857471,NA,-231.1857471,-1.145739773
2002,Sun,1038.308145,1307.702298,-269.3941535,NA,-269.3941535,-2.231627489
2003,Ang,1794.1,1305.60822,488.4917796,488.4917796,NA,3
2003,Bala,1775.375,1686.490734,88.88426594,88.88426594,NA,0.488307178
2003,Barg,1532.848333,1265.320044,267.5282889,267.5282889,NA,1.801820593
2003,Bhad,2052.571429,1454.896059,597.6753695,597.6753695,NA,3
2003,Bal,1672.725714,1218.274106,454.4516086,454.4516086,NA,2.724311277
2003,Bou,1847.906667,1334.226437,513.6802299,513.6802299,NA,3
2003,Cut,1772.223077,1579.292927,192.9301503,192.9301503,NA,1.339746918
2003,Deo,1613.033333,1337.438851,275.5944828,275.5944828,NA,1.153928562
2003,Dhen,1591.5,1402.135259,189.3647414,189.3647414,NA,1.655395975
2003,Gaj,1581.905,1397.067069,184.837931,184.837931,NA,0.947246534
2003,Gan,1466.454545,1301.889201,164.5653448,164.5653448,NA,0.736558055
2003,Jaga,1702.625,1480.032759,222.5922414,222.5922414,NA,0.885082379
2003,Jaj,1990.3,1568.708621,421.5913793,421.5913793,NA,2.158349393
2003,Jhar,1651.68,1347.493276,304.1867241,304.1867241,NA,1.730015431
2003,Kala,2081.853846,1546.864721,534.9891247,534.9891247,NA,1.956312229
2003,Kand,2095.970833,1602.114368,493.8564655,493.8564655,NA,1.929623549
2003,Kend,2020.955556,1505.838314,515.1172414,515.1172414,NA,2.72925586
2003,Keon,1385.792308,1386.897414,-1.105106101,NA,-1.105106101,-0.006316496
2003,Kho,1867.5,1448.910494,418.5895057,418.5895057,NA,2.06249308
2003,Kor,1428.007143,1529.634451,-101.6273077,NA,-101.6273077,-0.582925752
2003,Malk,1757.342857,1591.338198,166.0046587,166.0046587,NA,0.744807936
2003,Mayu,1413.457692,1521.922202,-108.4645093,NA,-108.4645093,-0.618190478
2003,Nawa,1594.75,1603.210345,-8.460344828,NA,-8.460344828,-0.042110099
2003,Naya,1629.05,1416.72306,212.3269397,212.3269397,NA,0.995648991
2003,Nua,1301.084,1142.529379,158.5546207,158.5546207,NA,1.030354646
2003,Puri,1466,1444.938401,21.06159875,21.06159875,NA,0.094159029
2003,Ray,1324.645455,1283.918558,40.72689655,40.72689655,NA,0.176230717
2003,Sam,1681.344444,1450.838966,230.5054789,230.5054789,NA,1.614875399
2003,Son,1504.116667,1350.685747,153.4309195,153.4309195,NA,0.829883281
2003,Sun,1413.867059,1307.702298,106.1647605,106.1647605,NA,0.77241295
2004,Ang,1339.825,1305.60822,34.21677956,34.21677956,NA,0.21013729
2004,Bala,1590.525,1686.490734,-95.96573406,NA,-95.96573406,-0.437733937
2004,Barg,1022.904167,1265.320044,-242.4158777,NA,-242.4158777,-1.646989798
2004,Bhad,1437.1,1454.896059,-17.79605911,NA,-17.79605911,-0.109195107
2004,Bal,1121.460714,1218.274106,-96.81339144,NA,-96.81339144,-0.588034419
2004,Bou,1456.666667,1334.226437,122.4402299,122.4402299,NA,0.715076556
2004,Cut,1398.923077,1579.292927,-180.3698497,NA,-180.3698497,-0.706515186
2004,Deo,868.6933333,1337.438851,-468.7455172,NA,-468.7455172,-2.682946609
2004,Dhen,1046.25,1402.135259,-355.8852586,NA,-355.8852586,-2.767128592
2004,Gaj,1281.035,1397.067069,-116.032069,NA,-116.032069,-0.702225133
2004,Gan,979.3727273,1301.889201,-322.5164734,NA,-322.5164734,-2.24724947
2004,Jaga,1203.375,1480.032759,-276.6577586,NA,-276.6577586,-1.266491359
2004,Jaj,1418.7,1568.708621,-150.0086207,NA,-150.0086207,-0.811722338
2004,Jhar,1222.8,1347.493276,-124.6932759,NA,-124.6932759,-0.522243947
2004,Kala,1743.384615,1546.864721,196.5198939,196.5198939,NA,0.718620723
2004,Kand,1545.233333,1602.114368,-56.88103448,NA,-56.88103448,-0.335192825
2004,Kend,1383.222222,1505.838314,-122.616092,NA,-122.616092,-0.573235812
2004,Keon,1096.998077,1386.897414,-289.8993369,NA,-289.8993369,-1.656988532
2004,Kho,1055.3,1448.910494,-393.6104943,NA,-393.6104943,-1.760541825
2004,Kor,1401.572857,1529.634451,-128.0615934,NA,-128.0615934,-0.734550608
2004,Malk,1588.242857,1591.338198,-3.095341309,NA,-3.095341309,-0.014369352
2004,Mayu,1294.269231,1521.922202,-227.6529708,NA,-227.6529708,-1.297501827
2004,Nawa,1692.432,1603.210345,89.22165517,89.22165517,NA,0.387690067
2004,Naya,1226.6875,1416.72306,-190.0355603,NA,-190.0355603,-0.901481912
2004,Nua,867.56,1142.529379,-274.9693793,NA,-274.9693793,-1.722256523
2004,Puri,1043.963636,1444.938401,-400.9747649,NA,-400.9747649,-1.816327371
2004,Ray,1304.356364,1283.918558,20.43780564,20.43780564,NA,0.088437113
2004,Sam,1317.522222,1450.838966,-133.3167433,NA,-133.3167433,-0.635306553
2004,Son,1115.85,1350.685747,-234.8357471,NA,-234.8357471,-1.163828908
2004,Sun,1147.417647,1307.702298,-160.2846513,NA,-160.2846513,-1.327778013
2005,Ang,1714.17125,1305.60822,408.5630296,408.5630296,NA,2.509129406
2005,Bala,2071.141667,1686.490734,384.6509326,384.6509326,NA,2.113172782
2005,Barg,1200.458333,1265.320044,-64.86171108,NA,-64.86171108,-0.440674833
2005,Bhad,1686.557143,1454.896059,231.6610837,231.6610837,NA,1.162810594
2005,Bal,1146.72,1218.274106,-71.55410572,NA,-71.55410572,-0.434612158
2005,Bou,1502.333333,1334.226437,168.1068966,168.1068966,NA,0.981779442
2005,Cut,2011.307692,1579.292927,432.0147657,432.0147657,NA,3
2005,Deo,1202.966667,1337.438851,-134.4721839,NA,-134.4721839,-0.769674965
2005,Dhen,1740.95,1402.135259,338.8147414,338.8147414,NA,2.96186373
2005,Gaj,1452.6,1397.067069,55.53293103,55.53293103,NA,0.284591892
2005,Gan,1359.090909,1301.889201,57.20170846,57.20170846,NA,0.256022185
2005,Jaga,1621.725,1480.032759,141.6922414,141.6922414,NA,0.563403761
2005,Jaj,1810.3,1568.708621,241.5913793,241.5913793,NA,1.23683413
2005,Jhar,1316.8,1347.493276,-30.69327586,NA,-30.69327586,-0.128550456
2005,Kala,1397.992308,1546.864721,-148.8724138,NA,-148.8724138,-0.676594898
2005,Kand,1948.354167,1602.114368,346.2397989,346.2397989,NA,1.352847469
2005,Kend,1782.944444,1505.838314,277.1061303,277.1061303,NA,1.468196886
2005,Keon,1618.516154,1386.897414,231.6187401,231.6187401,NA,1.328102067
2005,Kho,1436.14,1448.910494,-12.77049425,NA,-12.77049425,-0.057119893
2005,Kor,1345.031429,1529.634451,-184.603022,NA,-184.603022,-1.058867522
2005,Malk,1384.832857,1591.338198,-206.5053413,NA,-206.5053413,-0.958649652
2005,Mayu,1670.657692,1521.922202,148.7354907,148.7354907,NA,0.616139606
2005,Nawa,1599.538,1603.210345,-3.672344828,NA,-3.672344828,-0.018278546
2005,Naya,1751.8125,1416.72306,335.0894397,335.0894397,NA,1.57131009
2005,Nua,873.5,1142.529379,-269.0293793,NA,-269.0293793,-1.68505164
2005,Puri,1527.445455,1444.938401,82.50705329,82.50705329,NA,0.368860127
2005,Ray,1222.945455,1283.918558,-60.97310345,NA,-60.97310345,-0.449523146
2005,Sam,1698.044444,1450.838966,247.2054789,247.2054789,NA,1.731872268
2005,Son,1249.133333,1350.685747,-101.5524138,NA,-101.5524138,-0.503286387
2005,Sun,1241.858824,1307.702298,-65.8434748,NA,-65.8434748,-0.545439114
2006,Ang,1344.15,1305.60822,38.54177956,38.54177956,NA,0.236698638
2006,Bala,1773.725,1686.490734,87.23426594,87.23426594,NA,0.479242505
2006,Barg,1673.416667,1265.320044,408.0966223,408.0966223,NA,2.748557549
2006,Bhad,1350.542857,1454.896059,-104.353202,NA,-104.353202,-0.640302383
2006,Bal,1718.714286,1218.274106,500.44018,500.44018,NA,3
2006,Bou,1730.54,1334.226437,396.3135632,396.3135632,NA,2.314554115
2006,Cut,1927.153846,1579.292927,347.8609195,347.8609195,NA,2.415618265
2006,Deo,1142.3,1337.438851,-195.1388506,NA,-195.1388506,-1.116911198
2006,Dhen,1384.575,1402.135259,-17.56025862,NA,-17.56025862,-0.136536967
2006,Gaj,1706.35375,1397.067069,309.286681,309.286681,NA,1.585014153
2006,Gan,1482.409091,1301.889201,180.5198903,180.5198903,NA,0.807967068
2006,Jaga,1609.325,1480.032759,129.2922414,129.2922414,NA,0.514098263
2006,Jaj,1650.6,1568.708621,81.89137931,81.89137931,NA,0.419245311
2006,Jhar,1258,1347.493276,-89.49327586,NA,-89.49327586,-0.374818299
2006,Kala,2244.361538,1546.864721,697.496817,697.496817,NA,2.550559422
2006,Kand,2369.916667,1602.114368,767.8022989,767.8022989,NA,3
2006,Kend,1426.366667,1505.838314,-79.47164751,NA,-79.47164751,-0.37153357
2006,Keon,1551.264615,1386.897414,164.3672016,164.3672016,NA,0.942481684
2006,Kho,1685.15,1448.910494,236.2395057,236.2395057,NA,1.164009941
2006,Kor,1952.572143,1529.634451,422.9376923,422.9376923,NA,2.204928386
2006,Malk,1917.614286,1591.338198,326.2760873,326.2760873,NA,1.463892767
2006,Mayu,1821.203846,1521.922202,299.2816446,299.2816446,NA,1.239779918
2006,Nawa,2151.46,1603.210345,548.2496552,548.2496552,NA,2.382279786
2006,Naya,1379.2875,1416.72306,-37.43556034,NA,-37.43556034,-0.177585082
2006,Nua,1449.5,1142.529379,306.9706207,306.9706207,NA,1.994824269
2006,Puri,1932.736364,1444.938401,487.7979624,487.7979624,NA,2.180773777
2006,Ray,1977.218182,1283.918558,693.2996238,693.2996238,NA,3
2006,Sam,1790.677778,1450.838966,339.8388123,339.8388123,NA,2.38084292
2006,Son,1885.1,1350.685747,534.4142529,534.4142529,NA,2.890561139
2006,Sun,1213.871176,1307.702298,-93.83112186,NA,-93.83112186,-0.777285283
2007,Ang,1237.25,1305.60822,-68.35822044,NA,-68.35822044,-0.501272404
2007,Bala,2185.858333,1686.490734,499.3675993,499.3675993,NA,2.743396492
2007,Barg,1241.583333,1265.320044,-23.73671108,NA,-23.73671108,-0.161268813
2007,Bhad,1434.9,1454.896059,-19.99605911,NA,-19.99605911,-0.12269412
2007,Bal,1389.635714,1218.274106,171.3616086,171.3616086,NA,1.027265288
2007,Bou,1384.633333,1334.226437,50.40689655,50.40689655,NA,0.294386821
2007,Cut,1842.153846,1579.292927,262.8609195,262.8609195,NA,1.825360662
2007,Deo,1441.966667,1337.438851,104.5278161,104.5278161,NA,0.437663451
2007,Dhen,1299.9875,1402.135259,-102.1477586,NA,-102.1477586,-0.794233469
2007,Gaj,1325.1325,1397.067069,-71.93456897,NA,-71.93456897,-0.435347423
2007,Gan,1320.454545,1301.889201,18.56534483,18.56534483,NA,0.083094374
2007,Jaga,1452.7875,1480.032759,-27.24525862,NA,-27.24525862,-0.124724081
2007,Jaj,1723.6,1568.708621,154.8913793,154.8913793,NA,0.792970945
2007,Jhar,1684,1347.493276,336.5067241,336.5067241,NA,1.913830484
2007,Kala,1877.315385,1546.864721,330.4506631,330.4506631,NA,1.208369747
2007,Kand,1833.383333,1602.114368,231.2689655,231.2689655,NA,0.903627011
2007,Kend,1638.8,1505.838314,132.9616858,132.9616858,NA,0.704473528
2007,Keon,1907.584615,1386.897414,520.6872016,520.6872016,NA,2.98562089
2007,Kho,1411.51,1448.910494,-37.40049425,NA,-37.40049425,-0.167285007
2007,Kor,1746.307143,1529.634451,216.6726923,216.6726923,NA,1.12959374
2007,Malk,1854.2,1591.338198,262.8618015,262.8618015,NA,1.179373864
2007,Mayu,2037.732308,1521.922202,515.8101061,515.8101061,NA,2.136753198
2007,Nawa,2293.62,1603.210345,690.4096552,690.4096552,NA,3
2007,Naya,1449.5625,1416.72306,32.83943966,32.83943966,NA,0.153991552
2007,Nua,1295.7,1142.529379,153.1706207,153.1706207,NA,0.995367149
2007,Puri,1340.154545,1444.938401,-104.7838558,NA,-104.7838558,-0.474647788
2007,Ray,1505.272727,1283.918558,221.3541693,221.3541693,NA,0.957829032
2007,Sam,1732.955556,1450.838966,282.11659,282.11659,NA,1.976452547
2007,Son,1314.083333,1350.685747,-36.60241379,NA,-36.60241379,-0.181398904
2007,Sun,1564.170588,1307.702298,256.4682899,256.4682899,NA,1.865962184
2008,Ang,1422.075,1305.60822,116.4667796,116.4667796,NA,0.715263497
2008,Bala,1700.758333,1686.490734,14.26759927,14.26759927,NA,0.078382502
2008,Barg,1297.083333,1265.320044,31.76328892,31.76328892,NA,0.213927837
2008,Bhad,1285.442857,1454.896059,-169.453202,NA,-169.453202,-1.039750453
2008,Bal,1640.801429,1218.274106,422.5273228,422.5273228,NA,2.532934043
2008,Bou,1525.186667,1334.226437,190.9602299,190.9602299,NA,1.11524769
2008,Cut,1853.076923,1579.292927,273.7839965,273.7839965,NA,1.90121277
2008,Deo,1346.6,1337.438851,9.161149425,9.161149425,NA,0.038358213
2008,Dhen,1428.6475,1402.135259,26.51224138,26.51224138,NA,0.231765731
2008,Gaj,1279.16875,1397.067069,-117.898319,NA,-117.898319,-0.713519663
2008,Gan,1162,1301.889201,-139.8892006,NA,-139.8892006,-0.974728294
2008,Jaga,1688.5,1480.032759,208.4672414,208.4672414,NA,0.828917849
2008,Jaj,1469.2,1568.708621,-99.50862069,NA,-99.50862069,-0.538458189
2008,Jhar,1653.6,1347.493276,306.1067241,306.1067241,NA,1.740935137
2008,Kala,1885.423077,1546.864721,338.5583554,338.5583554,NA,1.238017411
2008,Kand,1686.116667,1602.114368,84.00229885,84.00229885,NA,0.328218471
2008,Kend,1658.977778,1505.838314,153.1394636,153.1394636,NA,0.811381846
2008,Keon,1647.846154,1386.897414,260.9487401,260.9487401,NA,1.496280314
2008,Kho,1447.36,1448.910494,-1.550494253,NA,-1.550494253,-0.006935054
2008,Kor,1298.672143,1529.634451,-230.9623077,NA,-230.9623077,-1.324780515
2008,Malk,1349.787143,1591.338198,-241.5510556,NA,-241.5510556,-1.121340658
2008,Mayu,1762.865385,1521.922202,240.943183,240.943183,NA,0.998111729
2008,Nawa,1838.184,1603.210345,234.9736552,234.9736552,NA,1.021018406
2008,Naya,1497.5125,1416.72306,80.78943966,80.78943966,NA,0.378839935
2008,Nua,1312.548,1142.529379,170.0186207,170.0186207,NA,1.104852543
2008,Puri,1419.654545,1444.938401,-25.2838558,NA,-25.2838558,-0.114530298
2008,Ray,1285.627273,1283.918558,1.708714734,1.708714734,NA,0.007393837
2008,Sam,1879.055556,1450.838966,428.21659,428.21659,NA,3
2008,Son,1488.833333,1350.685747,138.1475862,138.1475862,NA,0.747218178
2008,Sun,1496.176471,1307.702298,188.4741723,188.4741723,NA,1.371263786
2009,Ang,1267.2875,1305.60822,-38.32072044,NA,-38.32072044,-0.281006725
2009,Bala,1579.625,1686.490734,-106.8657341,NA,-106.8657341,-0.487452724
2009,Barg,1139.025,1265.320044,-126.2950444,NA,-126.2950444,-0.858057036
2009,Bhad,1619.9,1454.896059,165.0039409,165.0039409,NA,0.82822858
2009,Bal,1442.492857,1218.274106,224.2187514,224.2187514,NA,1.344129191
2009,Bou,1249,1334.226437,-85.22643678,NA,-85.22643678,-0.338441993
2009,Cut,1806.461538,1579.292927,227.1686118,227.1686118,NA,1.577505886
2009,Deo,992.4666667,1337.438851,-344.9721839,NA,-344.9721839,-1.974508378
2009,Dhen,1471.5625,1402.135259,69.42724138,69.42724138,NA,0.606921727
2009,Gaj,1149.425,1397.067069,-247.642069,NA,-247.642069,-1.498727777
2009,Gan,1217.954545,1301.889201,-83.93465517,NA,-83.93465517,-0.584844884
2009,Jaga,1484,1480.032759,3.967241379,3.967241379,NA,0.015774743
2009,Jaj,1551.85,1568.708621,-16.85862069,NA,-16.85862069,-0.091224884
2009,Jhar,1142.4,1347.493276,-205.0932759,NA,-205.0932759,-0.858977528
2009,Kala,1504.307692,1546.864721,-42.55702918,NA,-42.55702918,-0.193413058
2009,Kand,1603.591667,1602.114368,1.477298851,1.477298851,NA,0.005772185
2009,Kend,1568.888889,1505.838314,63.05057471,63.05057471,NA,0.334062106
2009,Keon,1321.630769,1386.897414,-65.26664456,NA,-65.26664456,-0.373047012
2009,Kho,1396.37,1448.910494,-52.54049425,NA,-52.54049425,-0.23500323
2009,Kor,1038.385714,1529.634451,-491.2487363,NA,-491.2487363,-2.817761738
2009,Malk,1101.287755,1591.338198,-490.0504433,NA,-490.0504433,-2.274937219
2009,Mayu,1213.530769,1521.922202,-308.3914324,NA,-308.3914324,-1.757668461
2009,Nawa,1506.81,1603.210345,-96.40034483,NA,-96.40034483,-0.479818275
2009,Naya,1490.9625,1416.72306,74.23943966,74.23943966,NA,0.348125506
2009,Nua,1302.38,1142.529379,159.8506207,159.8506207,NA,1.0387766
2009,Puri,1463.363636,1444.938401,18.42523511,18.42523511,NA,0.08237277
2009,Ray,1328.1,1283.918558,44.18144201,44.18144201,NA,0.191178996
2009,Sam,1294.333333,1450.838966,-156.5056322,NA,-156.5056322,-0.7458107
2009,Son,1553.5,1350.685747,202.8142529,202.8142529,NA,1.096989825
2009,Sun,1076.476471,1307.702298,-231.2258277,NA,-231.2258277,-1.91544585
2010,Ang,950.5225,1305.60822,-355.0857204,NA,-355.0857204,-2.603851764
2010,Bala,1264.333333,1686.490734,-422.1574007,NA,-422.1574007,-1.925610458
2010,Barg,1072.5,1265.320044,-192.8200444,NA,-192.8200444,-1.310032366
2010,Bhad,1277.7,1454.896059,-177.1960591,NA,-177.1960591,-1.087259966
2010,Bal,1114.4,1218.274106,-103.8741057,NA,-103.8741057,-0.63092046
2010,Bou,1065.3,1334.226437,-268.9264368,NA,-268.9264368,-1.067931533
2010,Cut,1390.538462,1579.292927,-188.7544651,NA,-188.7544651,-0.739358026
2010,Deo,949.0666667,1337.438851,-388.3721839,NA,-388.3721839,-2.222915837
2010,Dhen,1127.3875,1402.135259,-274.7477586,NA,-274.7477586,-2.13625701
2010,Gaj,1506.1875,1397.067069,109.120431,109.120431,NA,0.559213953
2010,Gan,1476.772727,1301.889201,174.8835266,174.8835266,NA,0.782739952
2010,Jaga,1208.875,1480.032759,-271.1577586,NA,-271.1577586,-1.24131331
2010,Jaj,1252.15,1568.708621,-316.5586207,NA,-316.5586207,-1.712952913
2010,Jhar,978.98,1347.493276,-368.5132759,NA,-368.5132759,-1.54341785
2010,Kala,1542.4,1546.864721,-4.464721485,NA,-4.464721485,-0.020291253
2010,Kand,1533.341667,1602.114368,-68.77270115,NA,-68.77270115,-0.40526893
2010,Kend,1250.444444,1505.838314,-255.3938697,NA,-255.3938697,-1.193977968
2010,Keon,1213.469231,1386.897414,-173.428183,NA,-173.428183,-0.991269982
2010,Kho,1489.6,1448.910494,40.68950575,40.68950575,NA,0.200487167
2010,Kor,1533.208352,1529.634451,3.573901099,3.573901099,NA,0.018632049
2010,Malk,1819.971429,1591.338198,228.6332301,228.6332301,NA,1.025801598
2010,Mayu,995.5576923,1521.922202,-526.3645093,NA,-526.3645093,-3
2010,Nawa,2206.266,1603.210345,603.0556552,603.0556552,NA,2.620425355
2010,Naya,1478.2375,1416.72306,61.51443966,61.51443966,NA,0.288455106
2010,Nua,1115.84,1142.529379,-26.68937931,NA,-26.68937931,-0.167167551
2010,Puri,1513.090909,1444.938401,68.15250784,68.15250784,NA,0.304685984
2010,Ray,1491.872727,1283.918558,207.9541693,207.9541693,NA,0.899845444
2010,Sam,978.4,1450.838966,-472.4389655,NA,-472.4389655,-2.251356904
2010,Son,1048.733333,1350.685747,-301.9524138,NA,-301.9524138,-1.496454233
2010,Sun,945.5529412,1307.702298,-362.1493572,NA,-362.1493572,-3
2011,Ang,1344.925,1305.60822,39.31677956,39.31677956,NA,0.241458185
2011,Bala,1487.5,1686.490734,-198.9907341,NA,-198.9907341,-0.907667704
2011,Barg,1252.25,1265.320044,-13.07004441,NA,-13.07004441,-0.088798762
2011,Bhad,1549.642857,1454.896059,94.74679803,94.74679803,NA,0.475576556
2011,Bal,1144.8,1218.274106,-73.47410572,NA,-73.47410572,-0.446274037
2011,Bou,1246.233333,1334.226437,-87.99310345,NA,-87.99310345,-0.34942868
2011,Cut,1502.076923,1579.292927,-77.21600354,NA,-77.21600354,-0.302457862
2011,Deo,1354,1337.438851,16.56114943,16.56114943,NA,0.069342402
2011,Dhen,1489.1875,1402.135259,87.05224138,87.05224138,NA,0.76099663
2011,Gaj,1293.1625,1397.067069,-103.904569,NA,-103.904569,-0.628829602
2011,Gan,913.8272727,1301.889201,-388.0619279,NA,-388.0619279,-2.703960988
2011,Jaga,1320.6875,1480.032759,-159.3452586,NA,-159.3452586,-0.729455028
2011,Jaj,1645.1,1568.708621,76.39137931,76.39137931,NA,0.3910879
2011,Jhar,1366.1,1347.493276,18.60672414,18.60672414,NA,0.105822895
2011,Kala,1174.069231,1546.864721,-372.7954907,NA,-372.7954907,-1.694279824
2011,Kand,1340.666667,1602.114368,-261.4477011,NA,-261.4477011,-1.540678618
2011,Kend,1509.5,1505.838314,3.661685824,3.661685824,NA,0.019400782
2011,Keon,1910.092308,1386.897414,523.1948939,523.1948939,NA,3
2011,Kho,1174.55,1448.910494,-274.3604943,NA,-274.3604943,-1.22716018
2011,Kor,1198.435714,1529.634451,-331.1987363,NA,-331.1987363,-1.8997283
2011,Malk,1096.928571,1591.338198,-494.409627,NA,-494.409627,-2.295173644
2011,Mayu,1669.303846,1521.922202,147.3816446,147.3816446,NA,0.610531272
2011,Nawa,1432.78,1603.210345,-170.4303448,NA,-170.4303448,-0.84829151
2011,Naya,1168.575,1416.72306,-248.1480603,NA,-248.1480603,-1.177153305
2011,Nua,1122.36,1142.529379,-20.16937931,NA,-20.16937931,-0.126329867
2011,Puri,1051.745455,1444.938401,-393.1929467,NA,-393.1929467,-1.781077449
2011,Ray,1165.927273,1283.918558,-117.9912853,NA,-117.9912853,-0.869888701
2011,Sam,1672.544444,1450.838966,221.7054789,221.7054789,NA,1.553224355
2011,Son,1002.416667,1350.685747,-348.2690805,NA,-348.2690805,-1.72599627
2011,Sun,1580.676471,1307.702298,272.9741723,272.9741723,NA,1.986052478
2012,Ang,1409.65,1305.60822,104.0417796,104.0417796,NA,0.638957198
2012,Bala,1028.791667,1686.490734,-657.6990674,NA,-657.6990674,-3
2012,Barg,1495.25,1265.320044,229.9299556,229.9299556,NA,1.548593349
2012,Bhad,965.9714286,1454.896059,-488.9246305,NA,-488.9246305,-3
2012,Bal,1267.892857,1218.274106,49.61875142,49.61875142,NA,0.297450645
2012,Bou,1218.8,1334.226437,-115.4264368,NA,-115.4264368,-0.458368962
2012,Cut,1637.538462,1579.292927,58.24553492,58.24553492,NA,0.404469057
2012,Deo,1388.766667,1337.438851,51.32781609,51.32781609,NA,0.21491226
2012,Dhen,1477.5,1402.135259,75.36474138,75.36474138,NA,0.658826393
2012,Gaj,1294.9,1397.067069,-102.167069,NA,-102.167069,-0.618314266
2012,Gan,1224.436364,1301.889201,-77.45283699,NA,-77.45283699,-0.539680485
2012,Jaga,1102.875,1480.032759,-377.1577586,NA,-377.1577586,-1.726562973
2012,Jaj,1379.91,1568.708621,-188.7986207,NA,-188.7986207,-1.021621672
2012,Jhar,1799.4,1347.493276,451.9067241,451.9067241,NA,2.570150319
2012,Kala,1424.153846,1546.864721,-122.7108753,NA,-122.7108753,-0.557696017
2012,Kand,1506.783333,1602.114368,-95.33103448,NA,-95.33103448,-0.561773868
2012,Kend,1084.111111,1505.838314,-421.7272031,NA,-421.7272031,-1.971593874
2012,Keon,1255.684615,1386.897414,-131.2127984,NA,-131.2127984,-0.749977922
2012,Kho,1372.73,1448.910494,-76.18049425,NA,-76.18049425,-0.340740271
2012,Kor,1505.828571,1529.634451,-23.80587912,NA,-23.80587912,-0.136548535
2012,Malk,1718.357143,1591.338198,127.0189444,127.0189444,NA,0.569891945
2012,Mayu,1283.361538,1521.922202,-238.5606631,NA,-238.5606631,-1.359669918
2012,Nawa,1685.55,1603.210345,82.33965517,82.33965517,NA,0.357786082
2012,Naya,1749.0625,1416.72306,332.3394397,332.3394397,NA,1.558414718
2012,Nua,930.16,1142.529379,-212.3693793,NA,-212.3693793,-1.330164652
2012,Puri,1258.881818,1444.938401,-186.0565831,NA,-186.0565831,-0.842795343
2012,Ray,1286.527273,1283.918558,2.608714734,2.608714734,NA,0.011288257
2012,Sam,1878.288889,1450.838966,427.4499234,427.4499234,NA,2.994628886
2012,Son,1402.833333,1350.685747,52.14758621,52.14758621,NA,0.282057945
2012,Sun,1441.558824,1307.702298,133.8565252,133.8565252,NA,0.973887314
2013,Ang,1444.3,1305.60822,138.6917796,138.6917796,NA,0.851755047
2013,Bala,2094.05,1686.490734,407.5592659,407.5592659,NA,2.239025243
2013,Barg,1242.45,1265.320044,-22.87004441,NA,-22.87004441,-0.155380622
2013,Bhad,1794,1454.896059,339.1039409,339.1039409,NA,1.702114349
2013,Bal,1422.821429,1218.274106,204.5473228,204.5473228,NA,1.226204436
2013,Bou,1170.2,1334.226437,-164.0264368,NA,-164.0264368,-0.651364017
2013,Cut,1491.384615,1579.292927,-87.90831123,NA,-87.90831123,-0.344340016
2013,Deo,1466.1,1337.438851,128.6611494,128.6611494,NA,0.538710985
2013,Dhen,1639.6375,1402.135259,237.5022414,237.5022414,NA,2.076206223
2013,Gaj,1781.275,1397.067069,384.207931,384.207931,NA,1.968966159
2013,Gan,1972.163636,1301.889201,670.2744357,670.2744357,NA,3
2013,Jaga,1278.5625,1480.032759,-201.4702586,NA,-201.4702586,-0.922295991
2013,Jaj,1898,1568.708621,329.2913793,329.2913793,NA,1.685816844
2013,Jhar,1291.92,1347.493276,-55.57327586,NA,-55.57327586,-0.232753585
2013,Kala,1855.538462,1546.864721,308.6737401,308.6737401,NA,1.12873736
2013,Kand,1704.783333,1602.114368,102.6689655,102.6689655,NA,0.401153913
2013,Kend,1713.611111,1505.838314,207.7727969,207.7727969,NA,1.100846716
2013,Keon,1651.376923,1386.897414,264.4795093,264.4795093,NA,1.516525748
2013,Kho,1872.75,1448.910494,423.8395057,423.8395057,NA,2.088361117
2013,Kor,1831.121429,1529.634451,301.486978,301.486978,NA,1.571761534
2013,Malk,1783.328571,1591.338198,191.990373,191.990373,NA,0.861397231
2013,Mayu,2246.119231,1521.922202,724.1970292,724.1970292,NA,3
2013,Nawa,1998.68,1603.210345,395.4696552,395.4696552,NA,1.718413056
2013,Naya,2056.4875,1416.72306,639.7644397,639.7644397,NA,3
2013,Nua,1455.22,1142.529379,312.6906207,312.6906207,NA,2.031995236
2013,Puri,1764.518182,1444.938401,319.5797806,319.5797806,NA,1.428729226
2013,Ray,1485.709091,1283.918558,201.7905329,201.7905329,NA,0.873174567
2013,Sam,1423.888889,1450.838966,-26.95007663,NA,-26.95007663,-0.128427682
2013,Son,1315.333333,1350.685747,-35.35241379,NA,-35.35241379,-0.175203995
2013,Sun,1450.511765,1307.702298,142.8094664,142.8094664,NA,1.039025385
2014,Ang,1581.5875,1305.60822,275.9792796,275.9792796,NA,1.694885919
2014,Bala,1931.225,1686.490734,244.7342659,244.7342659,NA,1.344506787
2014,Barg,1710.75,1265.320044,445.4299556,445.4299556,NA,3
2014,Bhad,1477.314286,1454.896059,22.4182266,22.4182266,NA,0.112527106
2014,Bal,1411.614286,1218.274106,193.34018,193.34018,NA,1.159020724
2014,Bou,1690.633333,1334.226437,356.4068966,356.4068966,NA,2.081490833
2014,Cut,1744.469231,1579.292927,165.1763042,165.1763042,NA,1.147018463
2014,Deo,1583.533333,1337.438851,246.0944828,246.0944828,NA,1.030410514
2014,Dhen,1429.7625,1402.135259,27.62724138,27.62724138,NA,0.241512881
2014,Gaj,1939.05,1397.067069,541.982931,541.982931,NA,2.777522179
2014,Gan,1400.390909,1301.889201,98.50170846,98.50170846,NA,0.440871842
2014,Jaga,1521.375,1480.032759,41.34224138,41.34224138,NA,0.164387083
2014,Jaj,1681,1568.708621,112.2913793,112.2913793,NA,0.574879
2014,Jhar,1373.48,1347.493276,25.98672414,25.98672414,NA,0.147795516
2014,Kala,1740,1546.864721,193.1352785,193.1352785,NA,0.706244089
2014,Kand,1648.458333,1602.114368,46.34396552,46.34396552,NA,0.181077729
2014,Kend,1561.333333,1505.838314,55.49501916,55.49501916,NA,0.294030357
2014,Keon,1339.553846,1386.897414,-47.34356764,NA,-47.34356764,-0.270603408
2014,Kho,1413.75,1448.910494,-35.16049425,NA,-35.16049425,-0.157265931
2014,Kor,1726.8,1529.634451,197.1655495,197.1655495,NA,1.027895893
2014,Malk,1509.642857,1591.338198,-81.69534131,NA,-81.69534131,-0.37925029
2014,Mayu,1599.438462,1521.922202,77.51625995,77.51625995,NA,0.321112585
2014,Nawa,1957.17,1603.210345,353.9596552,353.9596552,NA,1.538041882
2014,Naya,1467.1125,1416.72306,50.38943966,50.38943966,NA,0.236287467
2014,Nua,1604.18,1142.529379,461.6506207,461.6506207,NA,3
2014,Puri,1568.963636,1444.938401,124.0252351,124.0252351,NA,0.554473371
2014,Ray,1660.136364,1283.918558,376.2178056,376.2178056,NA,1.627944655
2014,Sam,1749.8,1450.838966,298.9610345,298.9610345,NA,2.094461364
2014,Son,1905.333333,1350.685747,554.6475862,554.6475862,NA,3
2014,Sun,1332.141176,1307.702298,24.43887814,24.43887814,NA,0.177807644
2015,Ang,1073.025,1305.60822,-232.5832204,NA,-232.5832204,-1.705538111
2015,Bala,1290.325,1686.490734,-396.1657341,NA,-396.1657341,-1.807053197
2015,Barg,1010.587121,1265.320044,-254.7329232,NA,-254.7329232,-1.730672634
2015,Bhad,1157.971429,1454.896059,-296.9246305,NA,-296.9246305,-1.82190431
2015,Bal,1024.35,1218.274106,-193.9241057,NA,-193.9241057,-1.177874746
2015,Bou,1098.6,1334.226437,-235.6264368,NA,-235.6264368,-0.93569418
2015,Cut,1175.846154,1579.292927,-403.4467728,NA,-403.4467728,-1.580315515
2015,Deo,1421.766667,1337.438851,84.32781609,84.32781609,NA,0.353084991
2015,Dhen,1021.225,1402.135259,-380.9102586,NA,-380.9102586,-2.961706455
2015,Gaj,1126.2375,1397.067069,-270.829569,NA,-270.829569,-1.639058338
2015,Gan,1169.786364,1301.889201,-132.102837,NA,-132.102837,-0.920474007
2015,Jaga,1123.25,1480.032759,-356.7827586,NA,-356.7827586,-1.633289748
2015,Jaj,1259.5,1568.708621,-309.2086207,NA,-309.2086207,-1.673180805
2015,Jhar,1496.9,1347.493276,149.4067241,149.4067241,NA,0.849727874
2015,Kala,1367.192308,1546.864721,-179.6724138,NA,-179.6724138,-0.816574646
2015,Kand,1138.191667,1602.114368,-463.9227011,NA,-463.9227011,-2.73383848
2015,Kend,1204.888889,1505.838314,-300.9494253,NA,-300.9494253,-1.406952264
2015,Keon,1009.492308,1386.897414,-377.4051061,NA,-377.4051061,-2.157148544
2015,Kho,1000.7,1448.910494,-448.2104943,NA,-448.2104943,-2.004756816
2015,Kor,1541.035714,1529.634451,11.40126374,11.40126374,NA,0.059438945
2015,Malk,1771.014286,1591.338198,179.6760873,179.6760873,NA,0.806147109
2015,Mayu,1251.984615,1521.922202,-269.9375862,NA,-269.9375862,-1.538501826
2015,Nawa,1689.09,1603.210345,85.87965517,85.87965517,NA,0.373168254
2015,Naya,1131.175,1416.72306,-285.5480603,NA,-285.5480603,-1.354569697
2015,Nua,1227.74,1142.529379,85.21062069,85.21062069,NA,0.553734471
2015,Puri,1133.472727,1444.938401,-311.465674,NA,-311.465674,-1.410870903
2015,Ray,1172.809091,1283.918558,-111.1094671,NA,-111.1094671,-0.819152616
2015,Sam,1351.788889,1450.838966,-99.05007663,NA,-99.05007663,-0.472012451
2015,Son,1035.816667,1350.685747,-314.8690805,NA,-314.8690805,-1.560468295
2015,Sun,1267.229412,1307.702298,-40.47288657,NA,-40.47288657,-0.335272333
2016,Ang,1144.3875,1305.60822,-161.2207204,NA,-161.2207204,-1.182235255
2016,Bala,1628.433333,1686.490734,-58.05740073,NA,-58.05740073,-0.26482051
2016,Barg,1045.05,1265.320044,-220.2700444,NA,-220.2700444,-1.496529515
2016,Bhad,1506.857143,1454.896059,51.96108374,51.96108374,NA,0.26081592
2016,Bal,1049.871429,1218.274106,-168.4026772,NA,-168.4026772,-1.022860257
2016,Bou,1164.166667,1334.226437,-170.0597701,NA,-170.0597701,-0.675322936
2016,Cut,1379.538462,1579.292927,-199.7544651,NA,-199.7544651,-0.782445422
2016,Deo,959.4666667,1337.438851,-377.9721839,NA,-377.9721839,-2.163389626
2016,Dhen,1207.6625,1402.135259,-194.4727586,NA,-194.4727586,-1.512091658
2016,Gaj,1406.0125,1397.067069,8.945431034,8.945431034,NA,0.045843018
2016,Gan,1150.827273,1301.889201,-151.0619279,NA,-151.0619279,-1.052578288
2016,Jaga,1578.875,1480.032759,98.84224138,98.84224138,NA,0.393021453
2016,Jaj,1476.97,1568.708621,-91.73862069,NA,-91.73862069,-0.496413389
2016,Jhar,1110.88,1347.493276,-236.6132759,NA,-236.6132759,-0.990990494
2016,Kala,1331.753846,1546.864721,-215.1108753,NA,-215.1108753,-0.977635259
2016,Kand,1226.375,1602.114368,-375.7393678,NA,-375.7393678,-2.214185121
2016,Kend,1642.677778,1505.838314,136.8394636,136.8394636,NA,0.725019234
2016,Keon,1211.230769,1386.897414,-175.6666446,NA,-175.6666446,-1.00406444
2016,Kho,1185.29,1448.910494,-263.6204943,NA,-263.6204943,-1.179122286
2016,Kor,1713.785714,1529.634451,184.1512637,184.1512637,NA,0.960047677
2016,Malk,1472.642857,1591.338198,-118.6953413,NA,-118.6953413,-0.551013581
2016,Mayu,1389.984615,1521.922202,-131.9375862,NA,-131.9375862,-0.751974633
2016,Nawa,1551.91,1603.210345,-51.30034483,NA,-51.30034483,-0.255339781
2016,Naya,1152.0625,1416.72306,-264.6605603,NA,-264.6605603,-1.255484539
2016,Nua,1097.1,1142.529379,-45.42937931,NA,-45.42937931,-0.284544574
2016,Puri,1224.281818,1444.938401,-220.6565831,NA,-220.6565831,-0.999525722
2016,Ray,1138.581818,1283.918558,-145.3367398,NA,-145.3367398,-1.07149259
2016,Sam,1187.333333,1450.838966,-263.5056322,NA,-263.5056322,-1.255707653
2016,Son,1108.15,1350.685747,-242.5357471,NA,-242.5357471,-1.201989548
2016,Sun,1052.082353,1307.702298,-255.6199454,NA,-255.6199454,-2.117523671
2017,Ang,964.9875,1305.60822,-340.6207204,NA,-340.6207204,-2.497779586
2017,Bala,1550.408333,1686.490734,-136.0824007,NA,-136.0824007,-0.62072036
2017,Barg,983.925,1265.320044,-281.3950444,NA,-281.3950444,-1.911816881
2017,Bhad,1198.914286,1454.896059,-255.9817734,NA,-255.9817734,-1.570682417
2017,Bal,854,1218.274106,-364.2741057,NA,-364.2741057,-2.212562838
2017,Bou,1172.833333,1334.226437,-161.3931034,NA,-161.3931034,-0.640906809
2017,Cut,1442.092308,1579.292927,-137.2006189,NA,-137.2006189,-0.537419757
2017,Deo,1509.766667,1337.438851,172.3278161,172.3278161,NA,0.72154561
2017,Dhen,1133.4625,1402.135259,-268.6727586,NA,-268.6727586,-2.089021824
2017,Gaj,1687.15,1397.067069,290.082931,290.082931,NA,1.486599907
2017,Gan,1362.759091,1301.889201,60.86989028,60.86989028,NA,0.272440155
2017,Jaga,1618.75,1480.032759,138.7172414,138.7172414,NA,0.551574418
2017,Jaj,1302.23,1568.708621,-266.4786207,NA,-266.4786207,-1.441961456
2017,Jhar,1392.1,1347.493276,44.60672414,44.60672414,NA,0.253693915
2017,Kala,1425.430769,1546.864721,-121.4339523,NA,-121.4339523,-0.551892661
2017,Kand,1231.608333,1602.114368,-370.5060345,NA,-370.5060345,-2.183345742
2017,Kend,1504.333333,1505.838314,-1.504980843,NA,-1.504980843,-0.007035854
2017,Keon,1228.353846,1386.897414,-158.5435676,NA,-158.5435676,-0.906193426
2017,Kho,1530.05,1448.910494,81.13950575,81.13950575,NA,0.39979423
2017,Kor,1520.542857,1529.634451,-9.091593407,NA,-9.091593407,-0.052148621
2017,Malk,1722.685714,1591.338198,131.3475158,131.3475158,NA,0.589312812
2017,Mayu,1451.788462,1521.922202,-70.13374005,NA,-70.13374005,-0.399725317
2017,Nawa,1515.47,1603.210345,-87.74034483,NA,-87.74034483,-0.436714423
2017,Naya,1219.65,1416.72306,-197.0730603,NA,-197.0730603,-0.934866079
2017,Nua,1011.28,1142.529379,-131.2493793,NA,-131.2493793,-0.822073717
2017,Puri,1510.909091,1444.938401,65.97068966,65.97068966,NA,0.294931839
2017,Ray,1381.572727,1283.918558,97.65416928,97.65416928,NA,0.422562623
2017,Sam,1260.455556,1450.838966,-190.38341,NA,-190.38341,-0.907251594
2017,Son,1116.116667,1350.685747,-234.5690805,NA,-234.5690805,-1.162507327
2017,Sun,1288.052941,1307.702298,-19.64935715,NA,-19.64935715,-0.162772818
2018,Ang,1373.3625,1305.60822,67.75427956,67.75427956,NA,0.416102885
2018,Bala,1838.558333,1686.490734,152.0675993,152.0675993,NA,0.835420077
2018,Barg,1356.975,1265.320044,91.65495559,91.65495559,NA,0.617302144
2018,Bhad,1775.614286,1454.896059,320.7182266,320.7182266,NA,1.609828226
2018,Bal,1128.071429,1218.274106,-90.20267715,NA,-90.20267715,-0.547881632
2018,Bou,1621.933333,1334.226437,287.7068966,287.7068966,NA,1.680268462
2018,Cut,1841.469231,1579.292927,262.1763042,262.1763042,NA,1.820606551
2018,Deo,1477.533333,1337.438851,140.0944828,140.0944828,NA,0.586582951
2018,Dhen,1620.075,1402.135259,217.9397414,217.9397414,NA,1.905194009
2018,Gaj,1685.625,1397.067069,288.557931,288.557931,NA,1.478784676
2018,Gan,1373.145455,1301.889201,71.25625392,71.25625392,NA,0.318927219
2018,Jaga,1838.75,1480.032759,358.7172414,358.7172414,NA,1.426349397
2018,Jaj,2091.62,1568.708621,522.9113793,522.9113793,NA,2.677060096
2018,Jhar,1359.66,1347.493276,12.16672414,12.16672414,NA,0.069196381
2018,Kala,1996.453846,1546.864721,449.5891247,449.5891247,NA,1.644027256
2018,Kand,1826.433333,1602.114368,224.3189655,224.3189655,NA,0.876471583
2018,Kend,1885.822222,1505.838314,379.983908,379.983908,NA,2.01327625
2018,Keon,1665.984615,1386.897414,279.0872016,279.0872016,NA,1.600286269
2018,Kho,1810.6,1448.910494,361.6895057,361.6895057,NA,1.782132835
2018,Kor,1793.978571,1529.634451,264.3441209,264.3441209,NA,1.378122278
2018,Malk,2259.985714,1591.338198,668.6475158,668.6475158,NA,3
2018,Mayu,1654.276923,1521.922202,132.3547215,132.3547215,NA,0.548281957
2018,Nawa,1382.71,1603.210345,-220.5003448,NA,-220.5003448,-1.097507435
2018,Naya,1400.7625,1416.72306,-15.96056034,NA,-15.96056034,-0.075712969
2018,Nua,1192.82,1142.529379,50.29062069,50.29062069,NA,0.326809616
2018,Puri,1936.009091,1444.938401,491.0706897,491.0706897,NA,2.195404994
2018,Ray,1514.481818,1283.918558,230.5632602,230.5632602,NA,0.997677998
2018,Sam,1660.4,1450.838966,209.5610345,209.5610345,NA,1.4681428
2018,Son,1624.45,1350.685747,273.7642529,273.7642529,NA,1.480747017
2018,Sun,1312.282353,1307.702298,4.580054611,4.580054611,NA,0.033322672
2019,Ang,1258.5375,1305.60822,-47.07072044,NA,-47.07072044,-0.345170677
2019,Bala,1661.816667,1686.490734,-24.6740674,NA,-24.6740674,-0.112547221
2019,Barg,1584.05,1265.320044,318.7299556,318.7299556,NA,2.14666718
2019,Bhad,1506.185714,1454.896059,51.28965517,51.28965517,NA,0.257445719
2019,Bal,1565.564286,1218.274106,347.29018,347.29018,NA,2.081908251
2019,Bou,1532.1,1334.226437,197.8735632,197.8735632,NA,1.155623003
2019,Cut,1880.215385,1579.292927,300.922458,300.922458,NA,2.089667867
2019,Deo,1411.333333,1337.438851,73.89448276,73.89448276,NA,0.309400077
2019,Dhen,1463.875,1402.135259,61.73974138,61.73974138,NA,0.539718844
2019,Gaj,1520.525,1397.067069,123.457931,123.457931,NA,0.632689928
2019,Gan,1574.6,1301.889201,272.7107994,272.7107994,NA,1.22059317
2019,Jaga,1647.875,1480.032759,167.8422414,167.8422414,NA,0.667382696
2019,Jaj,1750.02,1568.708621,181.3113793,181.3113793,NA,0.928228908
2019,Jhar,1823.76,1347.493276,476.2667241,476.2667241,NA,2.70869409
2019,Kala,1694.446154,1546.864721,147.5814324,147.5814324,NA,0.53966585
2019,Kand,1671.7,1602.114368,69.58563218,69.58563218,NA,0.271888866
2019,Kend,1583.144444,1505.838314,77.30613027,77.30613027,NA,0.409592598
2019,Keon,1494.730769,1386.897414,107.8333554,107.8333554,NA,0.618316559
2019,Kho,1816.283333,1448.910494,367.3728391,367.3728391,NA,1.810136011
2019,Kor,2105.078571,1529.634451,575.4441209,575.4441209,NA,3
2019,Malk,2104.171429,1591.338198,512.8332301,512.8332301,NA,2.300912893
2019,Mayu,1682.642308,1521.922202,160.7201061,160.7201061,NA,0.665786104
2019,Nawa,1695.3,1603.210345,92.08965517,92.08965517,NA,0.400152233
2019,Naya,1713.5625,1416.72306,296.8394397,296.8394397,NA,1.391947198
2019,Nua,1167.38,1142.529379,24.85062069,24.85062069,NA,0.161489791
2019,Puri,1858.872727,1444.938401,413.934326,413.934326,NA,1.850555339
2019,Ray,1407.581818,1283.918558,123.6632602,123.6632602,NA,0.535107431
2019,Sam,1529.288889,1450.838966,78.44992337,78.44992337,NA,0.549604512
2019,Son,1724.07,1350.685747,373.3842529,373.3842529,NA,2.019575649
2019,Sun,1404.876471,1307.702298,97.17417226,97.17417226,NA,0.707000974
2020,Ang,1727.875,1305.60822,422.2667796,422.2667796,NA,2.593288959
2020,Bala,1538.175,1686.490734,-148.3157341,NA,-148.3157341,-0.676520957
2020,Barg,1598.125,1265.320044,332.8049556,332.8049556,NA,2.241463229
2020,Bhad,1756.842857,1454.896059,301.946798,301.946798,NA,1.51560603
2020,Bal,1270.907143,1218.274106,52.63303714,52.63303714,NA,0.315520451
2020,Bou,1693.233333,1334.226437,359.0068966,359.0068966,NA,2.096675377
2020,Cut,1743.2,1579.292927,163.9070734,163.9070734,NA,1.138204662
2020,Deo,2053.933333,1337.438851,716.4944828,716.4944828,NA,3
2020,Dhen,1644.925,1402.135259,242.7897414,242.7897414,NA,2.122428694
2020,Gaj,1428,1397.067069,30.93293103,30.93293103,NA,0.158523262
2020,Gan,1415.795455,1301.889201,113.9062539,113.9062539,NA,0.509819178
2020,Jaga,1638.525,1480.032759,158.4922414,158.4922414,NA,0.63020476
2020,Jaj,1771.81,1568.708621,203.1013793,203.1013793,NA,1.03978345
2020,Jhar,1874.98,1347.493276,527.4867241,527.4867241,NA,3
2020,Kala,1482.361538,1546.864721,-64.50318302,NA,-64.50318302,-0.293153872
2020,Kand,1637.9,1602.114368,35.78563218,35.78563218,NA,0.13982362
2020,Kend,1887.555556,1505.838314,381.7172414,381.7172414,NA,2.022460004
2020,Keon,1718.476923,1386.897414,331.5795093,331.5795093,NA,1.901277209
2020,Kho,1369.16,1448.910494,-79.75049425,NA,-79.75049425,-0.356708174
2020,Kor,1682.421429,1529.634451,152.786978,152.786978,NA,0.79653422
2020,Malk,2164.014286,1591.338198,572.6760873,572.6760873,NA,2.569407978
2020,Mayu,1748.273077,1521.922202,226.3508753,226.3508753,NA,0.937662816
2020,Nawa,1558.18,1603.210345,-45.03034483,NA,-45.03034483,-0.224131796
2020,Naya,1359.95,1416.72306,-56.77306034,NA,-56.77306034,-0.269317421
2020,Nua,1401.2,1142.529379,258.6706207,258.6706207,NA,1.680950544
2020,Puri,1294.263636,1444.938401,-150.6747649,NA,-150.6747649,-0.682523499
2020,Ray,1315.345455,1283.918558,31.42689655,31.42689655,NA,0.135988376
2020,Sam,1788.577778,1450.838966,337.7388123,337.7388123,NA,2.366130739
2020,Son,1673.766667,1350.685747,323.0809195,323.0809195,NA,1.747492972
2020,Sun,1585.194118,1307.702298,277.4918193,277.4918193,NA,2.018921097
2021,Ang,1221.8375,1305.60822,-83.77072044,NA,-83.77072044,-0.614292622
2021,Bala,1682.341667,1686.490734,-4.149067398,NA,-4.149067398,-0.018925376
2021,Barg,1226.258333,1265.320044,-39.06171108,NA,-39.06171108,-0.265387895
2021,Bhad,1532.314286,1454.896059,77.4182266,77.4182266,NA,0.388596706
2021,Bal,1022.157143,1218.274106,-196.1169629,NA,-196.1169629,-1.191193931
2021,Bou,1316.4,1334.226437,-17.82643678,NA,-17.82643678,-0.070790415
2021,Cut,1849.292308,1579.292927,269.9993811,269.9993811,NA,1.874931617
2021,Deo,1598.2,1337.438851,260.7611494,260.7611494,NA,1.091820617
2021,Dhen,1477.375,1402.135259,75.23974138,75.23974138,NA,0.657733663
2021,Gaj,1467.6,1397.067069,70.53293103,70.53293103,NA,0.361463008
2021,Gan,1457.077273,1301.889201,155.1880721,155.1880721,NA,0.694587458
2021,Jaga,2234.5125,1480.032759,754.4797414,754.4797414,NA,3
2021,Jaj,1708.88,1568.708621,140.1713793,140.1713793,NA,0.717611475
2021,Jhar,1099.36,1347.493276,-248.1332759,NA,-248.1332759,-1.039238888
2021,Kala,1052.846154,1546.864721,-494.0185676,NA,-494.0185676,-2.2452141
2021,Kand,1229.125,1602.114368,-372.9893678,NA,-372.9893678,-2.197979715
2021,Kend,1890.244444,1505.838314,384.4061303,384.4061303,NA,2.036706597
2021,Keon,1493.553846,1386.897414,106.6564324,106.6564324,NA,0.611568081
2021,Kho,1612.05,1448.910494,163.1395057,163.1395057,NA,0.803828326
2021,Kor,1478.807143,1529.634451,-50.82730769,NA,-50.82730769,-0.291541193
2021,Malk,1676.628571,1591.338198,85.29037298,85.29037298,NA,0.382669662
2021,Mayu,1601.107692,1521.922202,79.18549072,79.18549072,NA,0.328027405
2021,Nawa,1232.66,1603.210345,-370.5503448,NA,-370.5503448,-1.844358831
2021,Naya,1582.6125,1416.72306,165.8894397,165.8894397,NA,0.777893062
2021,Nua,1114.84,1142.529379,-27.68937931,NA,-27.68937931,-0.173430999
2021,Puri,1576.445455,1444.938401,131.5070533,131.5070533,NA,0.587921958
2021,Ray,991.2363636,1283.918558,-292.6821944,NA,-292.6821944,-2.157794394
2021,Sam,1208.644444,1450.838966,-242.1945211,NA,-242.1945211,-1.154151852
2021,Son,1325.866667,1350.685747,-24.81908046,NA,-24.81908046,-0.12300156
2021,Sun,1368.117647,1307.702298,60.41534873,60.41534873,NA,0.439558263
2022,Ang,1160.6125,1305.60822,-144.9957204,NA,-144.9957204,-1.063256956
2022,Bala,1482.741667,1686.490734,-203.7490674,NA,-203.7490674,-0.929372159
2022,Barg,1268.091667,1265.320044,2.771622257,2.771622257,NA,0.018667058
2022,Bhad,1222.328571,1454.896059,-232.5674877,NA,-232.5674877,-1.427014348
2022,Bal,1109.978571,1218.274106,-108.2955343,NA,-108.2955343,-0.657775754
2022,Bou,1675.066667,1334.226437,340.8402299,340.8402299,NA,1.990578243
2022,Cut,1496.992308,1579.292927,-82.30061892,NA,-82.30061892,-0.322374483
2022,Deo,1545.2,1337.438851,207.7611494,207.7611494,NA,0.869906836
2022,Dhen,1421.6875,1402.135259,19.55224138,19.55224138,NA,0.170922535
2022,Gaj,1537.8875,1397.067069,140.820431,140.820431,NA,0.721668245
2022,Gan,1338.609091,1301.889201,36.71989028,36.71989028,NA,0.1643501
2022,Jaga,1467.875,1480.032759,-12.15775862,NA,-12.15775862,-0.055656116
2022,Jaj,1419.92,1568.708621,-148.7886207,NA,-148.7886207,-0.80512071
2022,Jhar,1323.76,1347.493276,-23.73327586,NA,-23.73327586,-0.099400385
2022,Kala,1555.076923,1546.864721,8.212201592,8.212201592,NA,0.030029826
2022,Kand,2022.866667,1602.114368,420.7522989,420.7522989,NA,1.643986868
2022,Kend,1405.222222,1505.838314,-100.616092,NA,-100.616092,-0.470384811
2022,Keon,1291.7,1386.897414,-95.19741379,NA,-95.19741379,-0.544123435
2022,Kho,1407.17,1448.910494,-41.74049425,NA,-41.74049425,-0.186696968
2022,Kor,1919.557143,1529.634451,389.9226923,389.9226923,NA,2.032809155
2022,Malk,1559.342857,1591.338198,-31.99534131,NA,-31.99534131,-0.148530409
2022,Mayu,1413.457692,1521.922202,-108.4645093,NA,-108.4645093,-0.618190478
2022,Nawa,1714.28,1603.210345,111.0696552,111.0696552,NA,0.482625008
2022,Naya,1496.225,1416.72306,79.50193966,79.50193966,NA,0.372802557
2022,Nua,1245.6,1142.529379,103.0706207,103.0706207,NA,0.669796266
2022,Puri,1199.227273,1444.938401,-245.7111285,NA,-245.7111285,-1.113017295
2022,Ray,1393.263636,1283.918558,109.3450784,109.3450784,NA,0.473150747
2022,Sam,1389.855556,1450.838966,-60.98340996,NA,-60.98340996,-0.290609859
2022,Son,1191.666667,1350.685747,-159.0190805,NA,-159.0190805,-0.788087014
2022,Sun,1250.829412,1307.702298,-56.87288657,NA,-56.87288657,-0.471127882
2023,Ang,1424.0875,1305.60822,118.4792796,118.4792796,NA,0.727622968
2023,Bala,1471.858333,1686.490734,-214.6324007,NA,-214.6324007,-0.979014924
2023,Barg,1455.141667,1265.320044,189.8216223,189.8216223,NA,1.278461091
2023,Bhad,1370.185714,1454.896059,-84.71034483,NA,-84.71034483,-0.51977548
2023,Bal,1193.435714,1218.274106,-24.83839144,NA,-24.83839144,-0.150865793
2023,Bou,1559.2,1334.226437,224.9735632,224.9735632,NA,1.313892672
2023,Cut,1335.007692,1579.292927,-244.2852343,NA,-244.2852343,-0.956874046
2023,Deo,1527.433333,1337.438851,189.9944828,189.9944828,NA,0.79551687
2023,Dhen,1629.65,1402.135259,227.5147414,227.5147414,NA,1.988897112
2023,Gaj,1220.325,1397.067069,-176.742069,NA,-176.742069,-1.069641557
2023,Gan,930.4368182,1301.889201,-371.4523824,NA,-371.4523824,-2.588228009
2023,Jaga,1158.4125,1480.032759,-321.6202586,NA,-321.6202586,-1.472321905
2023,Jaj,1296.17,1568.708621,-272.5386207,NA,-272.5386207,-1.474753154
2023,Jhar,1715.44,1347.493276,367.9467241,367.9467241,NA,2.092640671
2023,Kala,1335.869231,1546.864721,-210.9954907,NA,-210.9954907,-0.958931671
2023,Kand,1610.741667,1602.114368,8.627298851,8.627298851,NA,0.033709064
2023,Kend,1130.833333,1505.838314,-375.0049808,NA,-375.0049808,-1.753165358
2023,Keon,1490.507692,1386.897414,103.6102785,103.6102785,NA,0.594101432
2023,Kho,1218.03,1448.910494,-230.8804943,NA,-230.8804943,-1.032682747
2023,Kor,1749.685714,1529.634451,220.0512637,220.0512637,NA,1.147207465
2023,Malk,1762.485714,1591.338198,171.1475158,171.1475158,NA,0.767882233
2023,Mayu,1375.823077,1521.922202,-146.0991247,NA,-146.0991247,-0.832687931
2023,Nawa,1331.41,1603.210345,-271.8003448,NA,-271.8003448,-1.3528455
2023,Naya,1275.09375,1416.72306,-141.6293103,NA,-141.6293103,-0.671854579
2023,Nua,1235.44,1142.529379,92.91062069,92.91062069,NA,0.603772311
2023,Puri,993.7227273,1444.938401,-451.215674,NA,-451.215674,-2.043907624
2023,Ray,1155.054545,1283.918558,-128.8640125,NA,-128.8640125,-0.950047694
2023,Sam,1772.363333,1450.838966,321.5243678,321.5243678,NA,2.252535576
2023,Son,1480.4,1350.685747,129.7142529,129.7142529,NA,0.701603628
2023,Sun,1391.661765,1307.702298,83.95946638,83.95946638,NA,0.610855983
